,negative,neutral,positive
aa,0.0,0.0,0.0
aaa,0.0,0.0,0.0
ab,0.0,0.0,0.0
abelton,0.0,0.0,0.0
abhorr,0.0,0.0,0.0
abil,0.0,0.0,0.0
abit,0.0,0.0,0.0
abl,0.0,0.0,0.0
ableton,0.0,0.0,0.0
about,0.0,0.0,0.0
abov,0.0,0.0,0.0
abras,0.0,0.0,0.0
abroad,0.0,0.0,0.0
abslut,0.0,0.0,0.0
absolut,0.0,0.0,0.0
absolutley,0.0,0.0,0.0
absorb,0.0,0.0,0.0
absurd,0.0,0.0,0.0
abus,0.0,0.0,0.0
ac,0.0,0.0,0.0
acc,0.0,0.0,0.0
accent,0.0,0.0,0.0
accentu,0.0,0.0,0.0
accept,0.0,0.0,0.0
acces,0.0,0.0,0.0
access,0.0,0.0,0.0
accessari,0.0,0.0,0.0
accessor,0.0,0.0,0.0
accessori,0.0,0.0,0.0
accid,0.0,0.0,0.0
accident,0.0,0.0,0.0
accomad,0.0,0.0,0.0
accomid,0.0,0.0,0.0
accommod,0.0,0.0,0.0
accomod,0.0,0.0,0.0
accompani,0.0,0.0,0.0
accomplish,0.0,0.0,0.0
accord,0.0,0.0,0.0
account,0.0,0.0,0.0
accoust,0.0,0.0,0.0
accur,0.0,0.0,0.0
accustom,0.0,0.0,0.0
acet,0.0,0.0,0.0
acheiv,0.0,0.0,0.0
achiev,0.0,0.0,0.0
acoust,0.0,0.0,0.0
acoustason,0.0,0.0,0.0
acquir,0.0,0.0,0.0
across,0.0,0.0,0.0
act,0.0,0.0,0.0
actaulli,0.0,0.0,0.0
activ,0.0,0.0,0.0
actual,0.0,0.0,0.0
actuat,0.0,0.0,0.0
acur,0.0,0.0,0.0
acut,0.0,0.0,0.0
ad,0.0,0.0,0.0
adapt,0.0,0.0,0.0
adaptor,0.0,0.0,0.0
adatp,0.0,0.0,0.0
add,0.0,0.0,0.0
addario,0.0,0.0,0.0
addict,0.0,0.0,0.0
addit,0.0,0.0,0.0
address,0.0,0.0,0.0
addtion,0.0,0.0,0.0
adept,0.0,0.0,0.0
adequ,0.0,0.0,0.0
adhes,0.0,0.0,0.0
adjoin,0.0,0.0,0.0
adjust,0.0,0.0,0.0
admir,0.0,0.0,0.0
admit,0.0,0.0,0.0
ador,0.0,0.0,0.0
advanc,0.0,0.0,0.0
advers,0.0,0.0,0.0
advertis,0.0,0.0,0.0
advis,0.0,0.0,0.0
ae,0.0,0.0,0.0
aesom,0.0,0.0,0.0
aesthet,0.0,0.0,0.0
affect,0.0,0.0,0.0
afford,0.0,0.0,0.0
afraid,0.0,0.0,0.0
again,0.0,0.0,0.0
age,0.0,0.0,0.0
aggrav,0.0,0.0,0.0
aggres,0.0,0.0,0.0
aggress,0.0,0.0,0.0
ago,0.0,0.0,0.0
agre,0.0,0.0,0.0
agreeabl,0.0,0.0,0.0
aguilar,0.0,0.0,0.0
ah,0.0,0.0,0.0
ahead,0.0,0.0,0.0
aheil,0.0,0.0,0.0
aim,0.0,0.0,0.0
air,0.0,0.0,0.0
airborn,0.0,0.0,0.0
airi,0.0,0.0,0.0
airtight,0.0,0.0,0.0
aka,0.0,0.0,0.0
akg,0.0,0.0,0.0
akin,0.0,0.0,0.0
al,0.0,0.0,0.0
ala,0.0,0.0,0.0
alan,0.0,0.0,0.0
albert,0.0,0.0,0.0
album,0.0,0.0,0.0
alert,0.0,0.0,0.0
alien,0.0,0.0,0.0
align,0.0,0.0,0.0
alik,0.0,0.0,0.0
alittl,0.0,0.0,0.0
aliv,0.0,0.0,0.0
alkalin,0.0,0.0,0.0
all,0.0,0.0,0.0
allen,0.0,0.0,0.0
allevi,0.0,0.0,0.0
allmost,0.0,0.0,0.0
allow,0.0,0.0,0.0
alloy,0.0,0.0,0.0
almost,0.0,0.0,0.0
alnico,0.0,0.0,0.0
alon,0.0,0.0,0.0
along,0.0,0.0,0.0
alongsid,0.0,0.0,0.0
alot,0.0,0.0,0.0
alota,0.0,0.0,0.0
alreadi,0.0,0.0,0.0
alright,0.0,0.0,0.0
also,0.0,0.0,0.0
alter,0.0,0.0,0.0
altern,0.0,0.0,0.0
alto,0.0,0.0,0.0
altogeth,0.0,0.0,0.0
alvarez,0.0,0.0,0.0
alvin,0.0,0.0,0.0
alway,0.0,0.0,0.0
am,0.0,0.0,0.0
amateur,0.0,0.0,0.0
amaz,0.0,0.0,0.0
amazon,0.0,0.0,0.0
amazonha,0.0,0.0,0.0
amazontc,0.0,0.0,0.0
amazonth,0.0,0.0,0.0
america,0.0,0.0,0.0
american,0.0,0.0,0.0
amnot,0.0,0.0,0.0
amount,0.0,0.0,0.0
amp,0.0,0.0,0.0
ampactu,0.0,0.0,0.0
ampeg,0.0,0.0,0.0
ampl,0.0,0.0,0.0
ampli,0.0,0.0,0.0
amplifi,0.0,0.0,0.0
amus,0.0,0.0,0.0
anadi,0.0,0.0,0.0
analog,0.0,0.0,0.0
ancient,0.0,0.0,0.0
andrew,0.0,0.0,0.0
angel,0.0,0.0,0.0
angl,0.0,0.0,0.0
angri,0.0,0.0,0.0
anim,0.0,0.0,0.0
anniversari,0.0,0.0,0.0
announc,0.0,0.0,0.0
annoy,0.0,0.0,0.0
anod,0.0,0.0,0.0
anon,0.0,0.0,0.0
anouth,0.0,0.0,0.0
answer,0.0,0.0,0.0
antenna,0.0,0.0,0.0
anti,0.0,0.0,0.0
anticip,0.0,0.0,0.0
anultim,0.0,0.0,0.0
anxious,0.0,0.0,0.0
anyam,0.0,0.0,0.0
anyhoo,0.0,0.0,0.0
anyhow,0.0,0.0,0.0
anymor,0.0,0.0,0.0
anytim,0.0,0.0,0.0
anyway,0.0,0.0,0.0
anywher,0.0,0.0,0.0
apart,0.0,0.0,0.0
apoge,0.0,0.0,0.0
app,0.0,0.0,0.0
appar,0.0,0.0,0.0
appeal,0.0,0.0,0.0
appear,0.0,0.0,0.0
applaud,0.0,0.0,0.0
appli,0.0,0.0,0.0
appos,0.0,0.0,0.0
apprais,0.0,0.0,0.0
appreci,0.0,0.0,0.0
apprehens,0.0,0.0,0.0
apprent,0.0,0.0,0.0
approach,0.0,0.0,0.0
appropi,0.0,0.0,0.0
appropri,0.0,0.0,0.0
approxim,0.0,0.0,0.0
aqua,0.0,0.0,0.0
aquarian,0.0,0.0,0.0
aquila,0.0,0.0,0.0
arch,0.0,0.0,0.0
archtop,0.0,0.0,0.0
ardsleyon,0.0,0.0,0.0
are,0.0,0.0,0.0
arent,0.0,0.0,0.0
argu,0.0,0.0,0.0
arid,0.0,0.0,0.0
aris,0.0,0.0,0.0
arizona,0.0,0.0,0.0
arm,0.0,0.0,0.0
aroland,0.0,0.0,0.0
around,0.0,0.0,0.0
arrang,0.0,0.0,0.0
arriv,0.0,0.0,0.0
arrog,0.0,0.0,0.0
arsenal,0.0,0.0,0.0
art,0.0,0.0,0.0
arthriti,0.0,0.0,0.0
articul,0.0,0.0,0.0
artifici,0.0,0.0,0.0
as,0.0,0.0,0.0
asa,0.0,0.0,0.0
asadvertis,0.0,0.0,0.0
asap,0.0,0.0,0.0
ascrib,0.0,0.0,0.0
aseven,0.0,0.0,0.0
ash,0.0,0.0,0.0
asham,0.0,0.0,0.0
ashi,0.0,0.0,0.0
asian,0.0,0.0,0.0
asid,0.0,0.0,0.0
asio,0.0,0.0,0.0
asioal,0.0,0.0,0.0
ask,0.0,0.0,0.0
asmartin,0.0,0.0,0.0
aspect,0.0,0.0,0.0
asquier,0.0,0.0,0.0
assembl,0.0,0.0,0.0
assist,0.0,0.0,0.0
associ,0.0,0.0,0.0
assort,0.0,0.0,0.0
assum,0.0,0.0,0.0
assur,0.0,0.0,0.0
astat,0.0,0.0,0.0
asthet,0.0,0.0,0.0
astound,0.0,0.0,0.0
astut,0.0,0.0,0.0
aswel,0.0,0.0,0.0
asymmetr,0.0,0.0,0.0
ata,0.0,0.0,0.0
ateri,0.0,0.0,0.0
atlant,0.0,0.0,0.0
atop,0.0,0.0,0.0
attach,0.0,0.0,0.0
attack,0.0,0.0,0.0
attactch,0.0,0.0,0.0
attain,0.0,0.0,0.0
attempt,0.0,0.0,0.0
attend,0.0,0.0,0.0
attent,0.0,0.0,0.0
attenu,0.0,0.0,0.0
attest,0.0,0.0,0.0
attract,0.0,0.0,0.0
attribut,0.0,0.0,0.0
audibl,0.0,0.0,0.0
audio,0.0,0.0,0.0
auditori,0.0,0.0,0.0
augment,0.0,0.0,0.0
auphonix,0.0,0.0,0.0
aura,0.0,0.0,0.0
auralex,0.0,0.0,0.0
aussi,0.0,0.0,0.0
auster,0.0,0.0,0.0
austin,0.0,0.0,0.0
authen,0.0,0.0,0.0
authent,0.0,0.0,0.0
author,0.0,0.0,0.0
autom,0.0,0.0,0.0
automat,0.0,0.0,0.0
auvio,0.0,0.0,0.0
aux,0.0,0.0,0.0
avaial,0.0,0.0,0.0
avail,0.0,0.0,0.0
averag,0.0,0.0,0.0
averi,0.0,0.0,0.0
avid,0.0,0.0,0.0
avoid,0.0,0.0,0.0
avoind,0.0,0.0,0.0
aw,0.0,0.0,0.0
awar,0.0,0.0,0.0
award,0.0,0.0,0.0
away,0.0,0.0,0.0
awe,0.0,0.0,0.0
awesom,0.0,0.0,0.0
awg,0.0,0.0,0.0
awhil,0.0,0.0,0.0
awkward,0.0,0.0,0.0
awsom,0.0,0.0,0.0
ax,0.0,0.0,0.0
axe,0.0,0.0,0.0
axi,0.0,0.0,0.0
babe,0.0,0.0,0.0
back,0.0,0.0,0.0
backlit,0.0,0.0,0.0
backord,0.0,0.0,0.0
backup,0.0,0.0,0.0
backward,0.0,0.0,0.0
bad,0.0,0.0,0.0
bag,0.0,0.0,0.0
bail,0.0,0.0,0.0
balanc,0.0,0.0,0.0
ball,0.0,0.0,0.0
ballanc,0.0,0.0,0.0
ballpark,0.0,0.0,0.0
band,0.0,0.0,0.0
bang,0.0,0.0,0.0
banjo,0.0,0.0,0.0
bank,0.0,0.0,0.0
bar,0.0,0.0,0.0
barber,0.0,0.0,0.0
bare,0.0,0.0,0.0
bargain,0.0,0.0,0.0
bark,0.0,0.0,0.0
barley,0.0,0.0,0.0
barr,0.0,0.0,0.0
base,0.0,0.0,0.0
basement,0.0,0.0,0.0
basic,0.0,0.0,0.0
bass,0.0,0.0,0.0
bassbeen,0.0,0.0,0.0
bassi,0.0,0.0,0.0
bassier,0.0,0.0,0.0
bassist,0.0,0.0,0.0
batman,0.0,0.0,0.0
batter,0.0,0.0,0.0
batteri,0.0,0.0,0.0
battl,0.0,0.0,0.0
bb,0.0,0.0,0.0
bbe,0.0,0.0,0.0
bcd,0.0,0.0,0.0
be,0.0,0.0,0.0
bea,0.0,0.0,0.0
bean,0.0,0.0,0.0
bear,0.0,0.0,0.0
beast,0.0,0.0,0.0
beat,0.0,0.0,0.0
beaten,0.0,0.0,0.0
beati,0.0,0.0,0.0
beauti,0.0,0.0,0.0
bebass,0.0,0.0,0.0
becam,0.0,0.0,0.0
becaus,0.0,0.0,0.0
becom,0.0,0.0,0.0
becuas,0.0,0.0,0.0
bedazzl,0.0,0.0,0.0
beef,0.0,0.0,0.0
beefi,0.0,0.0,0.0
beefier,0.0,0.0,0.0
been,0.0,0.0,0.0
beet,0.0,0.0,0.0
befor,0.0,0.0,0.0
befront,0.0,0.0,0.0
beg,0.0,0.0,0.0
began,0.0,0.0,0.0
begin,0.0,0.0,0.0
beginn,0.0,0.0,0.0
begun,0.0,0.0,0.0
behav,0.0,0.0,0.0
behind,0.0,0.0,0.0
behring,0.0,0.0,0.0
beli,0.0,0.0,0.0
believ,0.0,0.0,0.0
beliv,0.0,0.0,0.0
belli,0.0,0.0,0.0
belong,0.0,0.0,0.0
belov,0.0,0.0,0.0
below,0.0,0.0,0.0
belt,0.0,0.0,0.0
bend,0.0,0.0,0.0
bendabl,0.0,0.0,0.0
bendi,0.0,0.0,0.0
bendnic,0.0,0.0,0.0
benefit,0.0,0.0,0.0
bent,0.0,0.0,0.0
berhing,0.0,0.0,0.0
bering,0.0,0.0,0.0
bermuda,0.0,0.0,0.0
best,0.0,0.0,0.0
bestest,0.0,0.0,0.0
bestsel,0.0,0.0,0.0
bet,0.0,0.0,0.0
better,0.0,0.0,0.0
bewar,0.0,0.0,0.0
beyerdynam,0.0,0.0,0.0
bic,0.0,0.0,0.0
big,0.0,0.0,0.0
bigger,0.0,0.0,0.0
biggest,0.0,0.0,0.0
billi,0.0,0.0,0.0
bind,0.0,0.0,0.0
bird,0.0,0.0,0.0
birthday,0.0,0.0,0.0
bit,0.0,0.0,0.0
bite,0.0,0.0,0.0
bizarr,0.0,0.0,0.0
black,0.0,0.0,0.0
blame,0.0,0.0,0.0
blanket,0.0,0.0,0.0
blare,0.0,0.0,0.0
blast,0.0,0.0,0.0
ble,0.0,0.0,0.0
bleed,0.0,0.0,0.0
blemish,0.0,0.0,0.0
blend,0.0,0.0,0.0
blew,0.0,0.0,0.0
blind,0.0,0.0,0.0
blindfold,0.0,0.0,0.0
bling,0.0,0.0,0.0
blink,0.0,0.0,0.0
block,0.0,0.0,0.0
bloodi,0.0,0.0,0.0
blow,0.0,0.0,0.0
blown,0.0,0.0,0.0
blue,0.0,0.0,0.0
blueridg,0.0,0.0,0.0
bluesi,0.0,0.0,0.0
bluish,0.0,0.0,0.0
blunder,0.0,0.0,0.0
bni,0.0,0.0,0.0
boast,0.0,0.0,0.0
boat,0.0,0.0,0.0
bob,0.0,0.0,0.0
bodi,0.0,0.0,0.0
bogus,0.0,0.0,0.0
boil,0.0,0.0,0.0
bolt,0.0,0.0,0.0
bond,0.0,0.0,0.0
bone,0.0,0.0,0.0
bonous,0.0,0.0,0.0
bonus,0.0,0.0,0.0
boo,0.0,0.0,0.0
boogi,0.0,0.0,0.0
boom,0.0,0.0,0.0
boomey,0.0,0.0,0.0
boomher,0.0,0.0,0.0
boomi,0.0,0.0,0.0
boost,0.0,0.0,0.0
boot,0.0,0.0,0.0
bordeaux,0.0,0.0,0.0
borderlin,0.0,0.0,0.0
bore,0.0,0.0,0.0
born,0.0,0.0,0.0
borrow,0.0,0.0,0.0
bose,0.0,0.0,0.0
boss,0.0,0.0,0.0
boston,0.0,0.0,0.0
bot,0.0,0.0,0.0
bother,0.0,0.0,0.0
bothersom,0.0,0.0,0.0
bottl,0.0,0.0,0.0
bottom,0.0,0.0,0.0
bought,0.0,0.0,0.0
bounc,0.0,0.0,0.0
boutiqu,0.0,0.0,0.0
bow,0.0,0.0,0.0
box,0.0,0.0,0.0
boxi,0.0,0.0,0.0
boy,0.0,0.0,0.0
br,0.0,0.0,0.0
brace,0.0,0.0,0.0
bradi,0.0,0.0,0.0
brag,0.0,0.0,0.0
braid,0.0,0.0,0.0
brainier,0.0,0.0,0.0
branch,0.0,0.0,0.0
brand,0.0,0.0,0.0
brass,0.0,0.0,0.0
brassi,0.0,0.0,0.0
break,0.0,0.0,0.0
breakabl,0.0,0.0,0.0
breakag,0.0,0.0,0.0
breath,0.0,0.0,0.0
breather,0.0,0.0,0.0
breathless,0.0,0.0,0.0
breez,0.0,0.0,0.0
brew,0.0,0.0,0.0
brick,0.0,0.0,0.0
bridg,0.0,0.0,0.0
brief,0.0,0.0,0.0
bright,0.0,0.0,0.0
brighten,0.0,0.0,0.0
brighter,0.0,0.0,0.0
brightest,0.0,0.0,0.0
brigthen,0.0,0.0,0.0
brilliant,0.0,0.0,0.0
bring,0.0,0.0,0.0
british,0.0,0.0,0.0
brittish,0.0,0.0,0.0
brittl,0.0,0.0,0.0
broad,0.0,0.0,0.0
broadcast,0.0,0.0,0.0
broader,0.0,0.0,0.0
broke,0.0,0.0,0.0
broken,0.0,0.0,0.0
bronz,0.0,0.0,0.0
brought,0.0,0.0,0.0
brown,0.0,0.0,0.0
brush,0.0,0.0,0.0
brutal,0.0,0.0,0.0
bt,0.0,0.0,0.0
btr,0.0,0.0,0.0
btw,0.0,0.0,0.0
bubbl,0.0,0.0,0.0
buck,0.0,0.0,0.0
buckl,0.0,0.0,0.0
bud,0.0,0.0,0.0
buddi,0.0,0.0,0.0
budg,0.0,0.0,0.0
buf,0.0,0.0,0.0
buff,0.0,0.0,0.0
buffer,0.0,0.0,0.0
buggi,0.0,0.0,0.0
build,0.0,0.0,0.0
built,0.0,0.0,0.0
bulk,0.0,0.0,0.0
bulki,0.0,0.0,0.0
bulkier,0.0,0.0,0.0
bulletproof,0.0,0.0,0.0
bum,0.0,0.0,0.0
bumbl,0.0,0.0,0.0
bummer,0.0,0.0,0.0
bump,0.0,0.0,0.0
bunch,0.0,0.0,0.0
bundl,0.0,0.0,0.0
burgandi,0.0,0.0,0.0
burgundi,0.0,0.0,0.0
burgundyi,0.0,0.0,0.0
buri,0.0,0.0,0.0
burn,0.0,0.0,0.0
burnt,0.0,0.0,0.0
burst,0.0,0.0,0.0
busi,0.0,0.0,0.0
busk,0.0,0.0,0.0
buss,0.0,0.0,0.0
bust,0.0,0.0,0.0
butat,0.0,0.0,0.0
butt,0.0,0.0,0.0
butter,0.0,0.0,0.0
butteri,0.0,0.0,0.0
button,0.0,0.0,0.0
buy,0.0,0.0,0.0
buyal,0.0,0.0,0.0
buzz,0.0,0.0,0.0
buzzi,0.0,0.0,0.0
bvybnhgdefinit,0.0,0.0,0.0
bwoosh,0.0,0.0,0.0
by,0.0,0.0,0.0
bypass,0.0,0.0,0.0
cabl,0.0,0.0,0.0
cage,0.0,0.0,0.0
cagi,0.0,0.0,0.0
caig,0.0,0.0,0.0
cake,0.0,0.0,0.0
calcul,0.0,0.0,0.0
calibr,0.0,0.0,0.0
california,0.0,0.0,0.0
call,0.0,0.0,0.0
came,0.0,0.0,0.0
camp,0.0,0.0,0.0
canada,0.0,0.0,0.0
canadian,0.0,0.0,0.0
cancel,0.0,0.0,0.0
candi,0.0,0.0,0.0
candl,0.0,0.0,0.0
canning,0.0,0.0,0.0
cannnot,0.0,0.0,0.0
cannon,0.0,0.0,0.0
cant,0.0,0.0,0.0
canvassi,0.0,0.0,0.0
cap,0.0,0.0,0.0
capabl,0.0,0.0,0.0
capacit,0.0,0.0,0.0
capo,0.0,0.0,0.0
captur,0.0,0.0,0.0
car,0.0,0.0,0.0
card,0.0,0.0,0.0
cardboard,0.0,0.0,0.0
cardioid,0.0,0.0,0.0
cardiord,0.0,0.0,0.0
care,0.0,0.0,0.0
carefulus,0.0,0.0,0.0
careless,0.0,0.0,0.0
carpal,0.0,0.0,0.0
carpet,0.0,0.0,0.0
carpetmi,0.0,0.0,0.0
carri,0.0,0.0,0.0
carv,0.0,0.0,0.0
carvin,0.0,0.0,0.0
case,0.0,0.0,0.0
casewhat,0.0,0.0,0.0
casio,0.0,0.0,0.0
cast,0.0,0.0,0.0
casual,0.0,0.0,0.0
cat,0.0,0.0,0.0
catch,0.0,0.0,0.0
cater,0.0,0.0,0.0
cathedr,0.0,0.0,0.0
caught,0.0,0.0,0.0
caus,0.0,0.0,0.0
caution,0.0,0.0,0.0
cautious,0.0,0.0,0.0
cave,0.0,0.0,0.0
ce,0.0,0.0,0.0
ceas,0.0,0.0,0.0
celestian,0.0,0.0,0.0
celluloid,0.0,0.0,0.0
cellulos,0.0,0.0,0.0
celtic,0.0,0.0,0.0
center,0.0,0.0,0.0
central,0.0,0.0,0.0
ceram,0.0,0.0,0.0
certain,0.0,0.0,0.0
cg,0.0,0.0,0.0
ch,0.0,0.0,0.0
chain,0.0,0.0,0.0
chair,0.0,0.0,0.0
chalk,0.0,0.0,0.0
challeng,0.0,0.0,0.0
champ,0.0,0.0,0.0
chan,0.0,0.0,0.0
chang,0.0,0.0,0.0
changeabl,0.0,0.0,0.0
channel,0.0,0.0,0.0
characterist,0.0,0.0,0.0
charg,0.0,0.0,0.0
chart,0.0,0.0,0.0
chase,0.0,0.0,0.0
chat,0.0,0.0,0.0
cheap,0.0,0.0,0.0
cheapen,0.0,0.0,0.0
cheaper,0.0,0.0,0.0
cheaperpyl,0.0,0.0,0.0
cheapest,0.0,0.0,0.0
cheaphandi,0.0,0.0,0.0
cheapi,0.0,0.0,0.0
cheapli,0.0,0.0,0.0
cheapo,0.0,0.0,0.0
cheat,0.0,0.0,0.0
check,0.0,0.0,0.0
cheeep,0.0,0.0,0.0
cheep,0.0,0.0,0.0
cheeper,0.0,0.0,0.0
cheesey,0.0,0.0,0.0
cheesi,0.0,0.0,0.0
chemic,0.0,0.0,0.0
cherish,0.0,0.0,0.0
cherri,0.0,0.0,0.0
chest,0.0,0.0,0.0
chew,0.0,0.0,0.0
chezch,0.0,0.0,0.0
chicken,0.0,0.0,0.0
chief,0.0,0.0,0.0
chill,0.0,0.0,0.0
china,0.0,0.0,0.0
chines,0.0,0.0,0.0
ching,0.0,0.0,0.0
chip,0.0,0.0,0.0
choke,0.0,0.0,0.0
choos,0.0,0.0,0.0
choral,0.0,0.0,0.0
chord,0.0,0.0,0.0
chormat,0.0,0.0,0.0
chortl,0.0,0.0,0.0
chorus,0.0,0.0,0.0
chose,0.0,0.0,0.0
chosen,0.0,0.0,0.0
christian,0.0,0.0,0.0
chromat,0.0,0.0,0.0
chrome,0.0,0.0,0.0
chuck,0.0,0.0,0.0
chuckl,0.0,0.0,0.0
chunki,0.0,0.0,0.0
circuit,0.0,0.0,0.0
circular,0.0,0.0,0.0
cite,0.0,0.0,0.0
citrus,0.0,0.0,0.0
claim,0.0,0.0,0.0
clamp,0.0,0.0,0.0
clampsrubber,0.0,0.0,0.0
clangi,0.0,0.0,0.0
clash,0.0,0.0,0.0
clasp,0.0,0.0,0.0
classi,0.0,0.0,0.0
classic,0.0,0.0,0.0
classiest,0.0,0.0,0.0
clean,0.0,0.0,0.0
cleaner,0.0,0.0,0.0
cleanest,0.0,0.0,0.0
cleanish,0.0,0.0,0.0
clear,0.0,0.0,0.0
clearaudio,0.0,0.0,0.0
clearer,0.0,0.0,0.0
clearest,0.0,0.0,0.0
clever,0.0,0.0,0.0
click,0.0,0.0,0.0
clicki,0.0,0.0,0.0
cling,0.0,0.0,0.0
clip,0.0,0.0,0.0
clipper,0.0,0.0,0.0
close,0.0,0.0,0.0
closer,0.0,0.0,0.0
closest,0.0,0.0,0.0
closet,0.0,0.0,0.0
cloth,0.0,0.0,0.0
clumsi,0.0,0.0,0.0
clutter,0.0,0.0,0.0
co,0.0,0.0,0.0
coat,0.0,0.0,0.0
coax,0.0,0.0,0.0
cocern,0.0,0.0,0.0
cockey,0.0,0.0,0.0
code,0.0,0.0,0.0
coffe,0.0,0.0,0.0
coil,0.0,0.0,0.0
coincident,0.0,0.0,0.0
coinstar,0.0,0.0,0.0
cold,0.0,0.0,0.0
collaps,0.0,0.0,0.0
collect,0.0,0.0,0.0
color,0.0,0.0,0.0
colour,0.0,0.0,0.0
com,0.0,0.0,0.0
combat,0.0,0.0,0.0
combin,0.0,0.0,0.0
combo,0.0,0.0,0.0
come,0.0,0.0,0.0
comfi,0.0,0.0,0.0
comfort,0.0,0.0,0.0
comic,0.0,0.0,0.0
commend,0.0,0.0,0.0
comment,0.0,0.0,0.0
common,0.0,0.0,0.0
comp,0.0,0.0,0.0
compacl,0.0,0.0,0.0
compact,0.0,0.0,0.0
compar,0.0,0.0,0.0
comparison,0.0,0.0,0.0
compart,0.0,0.0,0.0
compat,0.0,0.0,0.0
compel,0.0,0.0,0.0
compens,0.0,0.0,0.0
compet,0.0,0.0,0.0
competit,0.0,0.0,0.0
complain,0.0,0.0,0.0
complaint,0.0,0.0,0.0
complement,0.0,0.0,0.0
complet,0.0,0.0,0.0
complex,0.0,0.0,0.0
compli,0.0,0.0,0.0
compliant,0.0,0.0,0.0
complic,0.0,0.0,0.0
compliment,0.0,0.0,0.0
complimentari,0.0,0.0,0.0
compos,0.0,0.0,0.0
comprabl,0.0,0.0,0.0
comprehens,0.0,0.0,0.0
compress,0.0,0.0,0.0
compromis,0.0,0.0,0.0
compuls,0.0,0.0,0.0
con,0.0,0.0,0.0
conatct,0.0,0.0,0.0
conatin,0.0,0.0,0.0
conaus,0.0,0.0,0.0
conceal,0.0,0.0,0.0
conced,0.0,0.0,0.0
conceiv,0.0,0.0,0.0
concentr,0.0,0.0,0.0
concern,0.0,0.0,0.0
concert,0.0,0.0,0.0
conclud,0.0,0.0,0.0
concret,0.0,0.0,0.0
concur,0.0,0.0,0.0
condens,0.0,0.0,0.0
condit,0.0,0.0,0.0
confess,0.0,0.0,0.0
confid,0.0,0.0,0.0
configur,0.0,0.0,0.0
configurationpro,0.0,0.0,0.0
confin,0.0,0.0,0.0
confirm,0.0,0.0,0.0
conform,0.0,0.0,0.0
confort,0.0,0.0,0.0
confus,0.0,0.0,0.0
conga,0.0,0.0,0.0
conjur,0.0,0.0,0.0
connect,0.0,0.0,0.0
connector,0.0,0.0,0.0
connoisseur,0.0,0.0,0.0
conscious,0.0,0.0,0.0
conserv,0.0,0.0,0.0
consid,0.0,0.0,0.0
consider,0.0,0.0,0.0
considerng,0.0,0.0,0.0
consist,0.0,0.0,0.0
consol,0.0,0.0,0.0
conspicu,0.0,0.0,0.0
constant,0.0,0.0,0.0
constru,0.0,0.0,0.0
construct,0.0,0.0,0.0
constuct,0.0,0.0,0.0
consult,0.0,0.0,0.0
consum,0.0,0.0,0.0
contact,0.0,0.0,0.0
contain,0.0,0.0,0.0
contamin,0.0,0.0,0.0
contempl,0.0,0.0,0.0
content,0.0,0.0,0.0
contextu,0.0,0.0,0.0
continu,0.0,0.0,0.0
contrari,0.0,0.0,0.0
contribut,0.0,0.0,0.0
control,0.0,0.0,0.0
conveni,0.0,0.0,0.0
convent,0.0,0.0,0.0
convers,0.0,0.0,0.0
convert,0.0,0.0,0.0
convey,0.0,0.0,0.0
convinc,0.0,0.0,0.0
cook,0.0,0.0,0.0
cool,0.0,0.0,0.0
coolest,0.0,0.0,0.0
copi,0.0,0.0,0.0
copyright,0.0,0.0,0.0
cord,0.0,0.0,0.0
cordless,0.0,0.0,0.0
cordoba,0.0,0.0,0.0
core,0.0,0.0,0.0
cork,0.0,0.0,0.0
corner,0.0,0.0,0.0
corpor,0.0,0.0,0.0
correct,0.0,0.0,0.0
correspond,0.0,0.0,0.0
corrod,0.0,0.0,0.0
cosmet,0.0,0.0,0.0
cost,0.0,0.0,0.0
costlier,0.0,0.0,0.0
cough,0.0,0.0,0.0
couldnt,0.0,0.0,0.0
count,0.0,0.0,0.0
counterweight,0.0,0.0,0.0
countless,0.0,0.0,0.0
countor,0.0,0.0,0.0
coupl,0.0,0.0,0.0
courteous,0.0,0.0,0.0
cousin,0.0,0.0,0.0
cover,0.0,0.0,0.0
covet,0.0,0.0,0.0
cozi,0.0,0.0,0.0
cr,0.0,0.0,0.0
crack,0.0,0.0,0.0
crackl,0.0,0.0,0.0
cradl,0.0,0.0,0.0
craft,0.0,0.0,0.0
craftsmanship,0.0,0.0,0.0
cram,0.0,0.0,0.0
cramp,0.0,0.0,0.0
crank,0.0,0.0,0.0
crap,0.0,0.0,0.0
crapi,0.0,0.0,0.0
crappi,0.0,0.0,0.0
crapwar,0.0,0.0,0.0
crash,0.0,0.0,0.0
crate,0.0,0.0,0.0
crazi,0.0,0.0,0.0
creak,0.0,0.0,0.0
cream,0.0,0.0,0.0
creami,0.0,0.0,0.0
creamier,0.0,0.0,0.0
creat,0.0,0.0,0.0
creativ,0.0,0.0,0.0
creep,0.0,0.0,0.0
crescent,0.0,0.0,0.0
cri,0.0,0.0,0.0
cricial,0.0,0.0,0.0
crisp,0.0,0.0,0.0
crisper,0.0,0.0,0.0
criss,0.0,0.0,0.0
criteria,0.0,0.0,0.0
critic,0.0,0.0,0.0
crook,0.0,0.0,0.0
cross,0.0,0.0,0.0
crowd,0.0,0.0,0.0
cruis,0.0,0.0,0.0
crumbl,0.0,0.0,0.0
crunch,0.0,0.0,0.0
crunchi,0.0,0.0,0.0
crush,0.0,0.0,0.0
crybabi,0.0,0.0,0.0
crystal,0.0,0.0,0.0
ct,0.0,0.0,0.0
cube,0.0,0.0,0.0
cumbersom,0.0,0.0,0.0
cure,0.0,0.0,0.0
curious,0.0,0.0,0.0
curl,0.0,0.0,0.0
current,0.0,0.0,0.0
curtain,0.0,0.0,0.0
curv,0.0,0.0,0.0
cushin,0.0,0.0,0.0
cushion,0.0,0.0,0.0
custom,0.0,0.0,0.0
customiz,0.0,0.0,0.0
cut,0.0,0.0,0.0
cute,0.0,0.0,0.0
cutter,0.0,0.0,0.0
cymbal,0.0,0.0,0.0
da,0.0,0.0,0.0
dab,0.0,0.0,0.0
dabbl,0.0,0.0,0.0
daddario,0.0,0.0,0.0
daili,0.0,0.0,0.0
daisi,0.0,0.0,0.0
daisychain,0.0,0.0,0.0
damag,0.0,0.0,0.0
damn,0.0,0.0,0.0
damp,0.0,0.0,0.0
dampen,0.0,0.0,0.0
dan,0.0,0.0,0.0
danc,0.0,0.0,0.0
dandi,0.0,0.0,0.0
danelecto,0.0,0.0,0.0
danelectr,0.0,0.0,0.0
danelectro,0.0,0.0,0.0
dang,0.0,0.0,0.0
danger,0.0,0.0,0.0
dangl,0.0,0.0,0.0
dano,0.0,0.0,0.0
danoelectro,0.0,0.0,0.0
dark,0.0,0.0,0.0
darken,0.0,0.0,0.0
darker,0.0,0.0,0.0
darn,0.0,0.0,0.0
daunt,0.0,0.0,0.0
dava,0.0,0.0,0.0
dave,0.0,0.0,0.0
david,0.0,0.0,0.0
daw,0.0,0.0,0.0
dawg,0.0,0.0,0.0
db,0.0,0.0,0.0
dbu,0.0,0.0,0.0
dc,0.0,0.0,0.0
dcv,0.0,0.0,0.0
de,0.0,0.0,0.0
dead,0.0,0.0,0.0
deaden,0.0,0.0,0.0
deal,0.0,0.0,0.0
dealer,0.0,0.0,0.0
dean,0.0,0.0,0.0
death,0.0,0.0,0.0
debat,0.0,0.0,0.0
debut,0.0,0.0,0.0
dec,0.0,0.0,0.0
decay,0.0,0.0,0.0
decca,0.0,0.0,0.0
decemb,0.0,0.0,0.0
decent,0.0,0.0,0.0
decentclass,0.0,0.0,0.0
decept,0.0,0.0,0.0
decid,0.0,0.0,0.0
declin,0.0,0.0,0.0
decod,0.0,0.0,0.0
decor,0.0,0.0,0.0
dedic,0.0,0.0,0.0
deduc,0.0,0.0,0.0
deduct,0.0,0.0,0.0
dee,0.0,0.0,0.0
deem,0.0,0.0,0.0
deep,0.0,0.0,0.0
deepen,0.0,0.0,0.0
deeper,0.0,0.0,0.0
deepli,0.0,0.0,0.0
deer,0.0,0.0,0.0
def,0.0,0.0,0.0
defeat,0.0,0.0,0.0
defect,0.0,0.0,0.0
defiant,0.0,0.0,0.0
defin,0.0,0.0,0.0
definet,0.0,0.0,0.0
definit,0.0,0.0,0.0
definitet,0.0,0.0,0.0
defint,0.0,0.0,0.0
deform,0.0,0.0,0.0
deg,0.0,0.0,0.0
degrad,0.0,0.0,0.0
degre,0.0,0.0,0.0
delay,0.0,0.0,0.0
delic,0.0,0.0,0.0
delici,0.0,0.0,0.0
delight,0.0,0.0,0.0
deliv,0.0,0.0,0.0
delta,0.0,0.0,0.0
delux,0.0,0.0,0.0
demand,0.0,0.0,0.0
demo,0.0,0.0,0.0
demon,0.0,0.0,0.0
demonstr,0.0,0.0,0.0
deni,0.0,0.0,0.0
dens,0.0,0.0,0.0
dent,0.0,0.0,0.0
depend,0.0,0.0,0.0
deploy,0.0,0.0,0.0
depress,0.0,0.0,0.0
dept,0.0,0.0,0.0
depth,0.0,0.0,0.0
deriv,0.0,0.0,0.0
descent,0.0,0.0,0.0
describ,0.0,0.0,0.0
desern,0.0,0.0,0.0
deserv,0.0,0.0,0.0
design,0.0,0.0,0.0
designedquick,0.0,0.0,0.0
desir,0.0,0.0,0.0
desk,0.0,0.0,0.0
deskadjust,0.0,0.0,0.0
desktop,0.0,0.0,0.0
desper,0.0,0.0,0.0
destin,0.0,0.0,0.0
destroy,0.0,0.0,0.0
destroyerto,0.0,0.0,0.0
destruct,0.0,0.0,0.0
detach,0.0,0.0,0.0
detail,0.0,0.0,0.0
detect,0.0,0.0,0.0
detent,0.0,0.0,0.0
deterior,0.0,0.0,0.0
determin,0.0,0.0,0.0
detract,0.0,0.0,0.0
detriment,0.0,0.0,0.0
detun,0.0,0.0,0.0
develop,0.0,0.0,0.0
devic,0.0,0.0,0.0
devill,0.0,0.0,0.0
devot,0.0,0.0,0.0
dhave,0.0,0.0,0.0
di,0.0,0.0,0.0
diagnos,0.0,0.0,0.0
diagon,0.0,0.0,0.0
diagram,0.0,0.0,0.0
dial,0.0,0.0,0.0
diamet,0.0,0.0,0.0
diaphragm,0.0,0.0,0.0
diaton,0.0,0.0,0.0
dice,0.0,0.0,0.0
dick,0.0,0.0,0.0
did,0.0,0.0,0.0
didd,0.0,0.0,0.0
didn,0.0,0.0,0.0
didnt,0.0,0.0,0.0
didtl,0.0,0.0,0.0
die,0.0,0.0,0.0
dif,0.0,0.0,0.0
difer,0.0,0.0,0.0
differ,0.0,0.0,0.0
differenti,0.0,0.0,0.0
difficult,0.0,0.0,0.0
diffus,0.0,0.0,0.0
dig,0.0,0.0,0.0
digit,0.0,0.0,0.0
digitech,0.0,0.0,0.0
dilig,0.0,0.0,0.0
dim,0.0,0.0,0.0
dimarzio,0.0,0.0,0.0
dime,0.0,0.0,0.0
dimebag,0.0,0.0,0.0
dimension,0.0,0.0,0.0
diminish,0.0,0.0,0.0
ding,0.0,0.0,0.0
dinosaur,0.0,0.0,0.0
direct,0.0,0.0,0.0
dirt,0.0,0.0,0.0
dirtbox,0.0,0.0,0.0
dirti,0.0,0.0,0.0
dirtier,0.0,0.0,0.0
disabl,0.0,0.0,0.0
disagre,0.0,0.0,0.0
disapoint,0.0,0.0,0.0
disappear,0.0,0.0,0.0
disappoint,0.0,0.0,0.0
discard,0.0,0.0,0.0
discern,0.0,0.0,0.0
discharg,0.0,0.0,0.0
discolor,0.0,0.0,0.0
disconcert,0.0,0.0,0.0
disconnect,0.0,0.0,0.0
discontinu,0.0,0.0,0.0
discourag,0.0,0.0,0.0
discov,0.0,0.0,0.0
discreet,0.0,0.0,0.0
discret,0.0,0.0,0.0
discuss,0.0,0.0,0.0
disengag,0.0,0.0,0.0
dish,0.0,0.0,0.0
dishwash,0.0,0.0,0.0
disintegr,0.0,0.0,0.0
dislik,0.0,0.0,0.0
dislodg,0.0,0.0,0.0
dismantl,0.0,0.0,0.0
dismay,0.0,0.0,0.0
dismiss,0.0,0.0,0.0
disonnect,0.0,0.0,0.0
dispens,0.0,0.0,0.0
display,0.0,0.0,0.0
displeas,0.0,0.0,0.0
dispos,0.0,0.0,0.0
disprov,0.0,0.0,0.0
disqppoint,0.0,0.0,0.0
disregard,0.0,0.0,0.0
dissapoint,0.0,0.0,0.0
dissappoint,0.0,0.0,0.0
dissatisfi,0.0,0.0,0.0
dissect,0.0,0.0,0.0
dissip,0.0,0.0,0.0
dissolv,0.0,0.0,0.0
dissuad,0.0,0.0,0.0
distanc,0.0,0.0,0.0
distil,0.0,0.0,0.0
distinct,0.0,0.0,0.0
distinguish,0.0,0.0,0.0
distort,0.0,0.0,0.0
distract,0.0,0.0,0.0
distribut,0.0,0.0,0.0
disturb,0.0,0.0,0.0
ditch,0.0,0.0,0.0
dive,0.0,0.0,0.0
divers,0.0,0.0,0.0
divid,0.0,0.0,0.0
divin,0.0,0.0,0.0
dj,0.0,0.0,0.0
djing,0.0,0.0,0.0
dmk,0.0,0.0,0.0
dna,0.0,0.0,0.0
do,0.0,0.0,0.0
doc,0.0,0.0,0.0
doctor,0.0,0.0,0.0
dod,0.0,0.0,0.0
doe,0.0,0.0,0.0
doesnt,0.0,0.0,0.0
dog,0.0,0.0,0.0
doit,0.0,0.0,0.0
domin,0.0,0.0,0.0
don,0.0,0.0,0.0
dond,0.0,0.0,0.0
done,0.0,0.0,0.0
dont,0.0,0.0,0.0
doo,0.0,0.0,0.0
door,0.0,0.0,0.0
dope,0.0,0.0,0.0
dos,0.0,0.0,0.0
dose,0.0,0.0,0.0
dot,0.0,0.0,0.0
doubl,0.0,0.0,0.0
doubt,0.0,0.0,0.0
dous,0.0,0.0,0.0
down,0.0,0.0,0.0
downgrad,0.0,0.0,0.0
download,0.0,0.0,0.0
downright,0.0,0.0,0.0
downsid,0.0,0.0,0.0
downtown,0.0,0.0,0.0
downward,0.0,0.0,0.0
dps,0.0,0.0,0.0
dr,0.0,0.0,0.0
drag,0.0,0.0,0.0
drain,0.0,0.0,0.0
dramat,0.0,0.0,0.0
dramtic,0.0,0.0,0.0
drastic,0.0,0.0,0.0
draw,0.0,0.0,0.0
drawback,0.0,0.0,0.0
drawn,0.0,0.0,0.0
dread,0.0,0.0,0.0
dreadknot,0.0,0.0,0.0
dreadnaught,0.0,0.0,0.0
dreadnought,0.0,0.0,0.0
dream,0.0,0.0,0.0
dremel,0.0,0.0,0.0
dress,0.0,0.0,0.0
drew,0.0,0.0,0.0
dri,0.0,0.0,0.0
drier,0.0,0.0,0.0
drill,0.0,0.0,0.0
drink,0.0,0.0,0.0
drip,0.0,0.0,0.0
drive,0.0,0.0,0.0
driven,0.0,0.0,0.0
driver,0.0,0.0,0.0
droop,0.0,0.0,0.0
drop,0.0,0.0,0.0
drope,0.0,0.0,0.0
drove,0.0,0.0,0.0
drown,0.0,0.0,0.0
drum,0.0,0.0,0.0
drummer,0.0,0.0,0.0
drumset,0.0,0.0,0.0
dryer,0.0,0.0,0.0
dryness,0.0,0.0,0.0
drywal,0.0,0.0,0.0
ds,0.0,0.0,0.0
dt,0.0,0.0,0.0
dual,0.0,0.0,0.0
dub,0.0,0.0,0.0
dubious,0.0,0.0,0.0
duck,0.0,0.0,0.0
dud,0.0,0.0,0.0
due,0.0,0.0,0.0
duel,0.0,0.0,0.0
duet,0.0,0.0,0.0
duh,0.0,0.0,0.0
dull,0.0,0.0,0.0
dumb,0.0,0.0,0.0
dump,0.0,0.0,0.0
duncan,0.0,0.0,0.0
dunlap,0.0,0.0,0.0
dunlop,0.0,0.0,0.0
dunno,0.0,0.0,0.0
durabilityth,0.0,0.0,0.0
durabl,0.0,0.0,0.0
duracel,0.0,0.0,0.0
durn,0.0,0.0,0.0
dust,0.0,0.0,0.0
dvd,0.0,0.0,0.0
dynam,0.0,0.0,0.0
ea,0.0,0.0,0.0
ear,0.0,0.0,0.0
earli,0.0,0.0,0.0
earlier,0.0,0.0,0.0
earliest,0.0,0.0,0.0
earn,0.0,0.0,0.0
earnest,0.0,0.0,0.0
earni,0.0,0.0,0.0
earthi,0.0,0.0,0.0
eas,0.0,0.0,0.0
eash,0.0,0.0,0.0
easi,0.0,0.0,0.0
easier,0.0,0.0,0.0
easiest,0.0,0.0,0.0
easili,0.0,0.0,0.0
easilli,0.0,0.0,0.0
easilydiscov,0.0,0.0,0.0
easli,0.0,0.0,0.0
easyt,0.0,0.0,0.0
eat,0.0,0.0,0.0
eaten,0.0,0.0,0.0
eb,0.0,0.0,0.0
ebay,0.0,0.0,0.0
eboni,0.0,0.0,0.0
ebow,0.0,0.0,0.0
ecb,0.0,0.0,0.0
echo,0.0,0.0,0.0
econom,0.0,0.0,0.0
ecstat,0.0,0.0,0.0
ed,0.0,0.0,0.0
eddi,0.0,0.0,0.0
edg,0.0,0.0,0.0
edgi,0.0,0.0,0.0
edit,0.0,0.0,0.0
educ,0.0,0.0,0.0
eff,0.0,0.0,0.0
effect,0.0,0.0,0.0
effici,0.0,0.0,0.0
effortless,0.0,0.0,0.0
eh,0.0,0.0,0.0
ehx,0.0,0.0,0.0
eighth,0.0,0.0,0.0
either,0.0,0.0,0.0
ej,0.0,0.0,0.0
eject,0.0,0.0,0.0
eko,0.0,0.0,0.0
el,0.0,0.0,0.0
elabor,0.0,0.0,0.0
elast,0.0,0.0,0.0
elbow,0.0,0.0,0.0
elec,0.0,0.0,0.0
elect,0.0,0.0,0.0
electr,0.0,0.0,0.0
electret,0.0,0.0,0.0
electrician,0.0,0.0,0.0
electrifi,0.0,0.0,0.0
electro,0.0,0.0,0.0
electromagnet,0.0,0.0,0.0
electron,0.0,0.0,0.0
electrostat,0.0,0.0,0.0
eleg,0.0,0.0,0.0
elementari,0.0,0.0,0.0
eleph,0.0,0.0,0.0
elev,0.0,0.0,0.0
eleven,0.0,0.0,0.0
elig,0.0,0.0,0.0
elimi,0.0,0.0,0.0
elimin,0.0,0.0,0.0
elix,0.0,0.0,0.0
elixir,0.0,0.0,0.0
elixirstr,0.0,0.0,0.0
ellipt,0.0,0.0,0.0
elmer,0.0,0.0,0.0
elong,0.0,0.0,0.0
els,0.0,0.0,0.0
elsewher,0.0,0.0,0.0
elus,0.0,0.0,0.0
em,0.0,0.0,0.0
email,0.0,0.0,0.0
embarrass,0.0,0.0,0.0
embodi,0.0,0.0,0.0
emboss,0.0,0.0,0.0
emg,0.0,0.0,0.0
emot,0.0,0.0,0.0
emphas,0.0,0.0,0.0
empir,0.0,0.0,0.0
employ,0.0,0.0,0.0
empti,0.0,0.0,0.0
emul,0.0,0.0,0.0
enabl,0.0,0.0,0.0
encas,0.0,0.0,0.0
enclos,0.0,0.0,0.0
encor,0.0,0.0,0.0
encorpor,0.0,0.0,0.0
encount,0.0,0.0,0.0
encourag,0.0,0.0,0.0
end,0.0,0.0,0.0
endless,0.0,0.0,0.0
endors,0.0,0.0,0.0
endur,0.0,0.0,0.0
energet,0.0,0.0,0.0
energyxt,0.0,0.0,0.0
engag,0.0,0.0,0.0
engin,0.0,0.0,0.0
engl,0.0,0.0,0.0
english,0.0,0.0,0.0
enhanc,0.0,0.0,0.0
enjoy,0.0,0.0,0.0
enlarg,0.0,0.0,0.0
enorm,0.0,0.0,0.0
enough,0.0,0.0,0.0
enought,0.0,0.0,0.0
ensembl,0.0,0.0,0.0
ensur,0.0,0.0,0.0
enter,0.0,0.0,0.0
enthusiast,0.0,0.0,0.0
entic,0.0,0.0,0.0
entir,0.0,0.0,0.0
entitl,0.0,0.0,0.0
entri,0.0,0.0,0.0
envelop,0.0,0.0,0.0
environment,0.0,0.0,0.0
epi,0.0,0.0,0.0
epiphon,0.0,0.0,0.0
epoxi,0.0,0.0,0.0
eq,0.0,0.0,0.0
eqe,0.0,0.0,0.0
equal,0.0,0.0,0.0
equip,0.0,0.0,0.0
equipt,0.0,0.0,0.0
equival,0.0,0.0,0.0
erect,0.0,0.0,0.0
ergo,0.0,0.0,0.0
ergonom,0.0,0.0,0.0
ergonomicth,0.0,0.0,0.0
eric,0.0,0.0,0.0
erm,0.0,0.0,0.0
erni,0.0,0.0,0.0
erron,0.0,0.0,0.0
es,0.0,0.0,0.0
escap,0.0,0.0,0.0
esp,0.0,0.0,0.0
especi,0.0,0.0,0.0
essenti,0.0,0.0,0.0
establish,0.0,0.0,0.0
estim,0.0,0.0,0.0
etc,0.0,0.0,0.0
ether,0.0,0.0,0.0
euro,0.0,0.0,0.0
eurol,0.0,0.0,0.0
european,0.0,0.0,0.0
evalu,0.0,0.0,0.0
evapor,0.0,0.0,0.0
eve,0.0,0.0,0.0
even,0.0,0.0,0.0
eventu,0.0,0.0,0.0
ever,0.0,0.0,0.0
everlast,0.0,0.0,0.0
everth,0.0,0.0,0.0
everybodi,0.0,0.0,0.0
everyday,0.0,0.0,0.0
everytim,0.0,0.0,0.0
everytin,0.0,0.0,0.0
everywher,0.0,0.0,0.0
evid,0.0,0.0,0.0
evo,0.0,0.0,0.0
evok,0.0,0.0,0.0
ex,0.0,0.0,0.0
exacerb,0.0,0.0,0.0
exact,0.0,0.0,0.0
examin,0.0,0.0,0.0
exceed,0.0,0.0,0.0
excel,0.0,0.0,0.0
except,0.0,0.0,0.0
excess,0.0,0.0,0.0
exchang,0.0,0.0,0.0
excit,0.0,0.0,0.0
exclud,0.0,0.0,0.0
exclus,0.0,0.0,0.0
excruci,0.0,0.0,0.0
execpt,0.0,0.0,0.0
execut,0.0,0.0,0.0
exert,0.0,0.0,0.0
exhaust,0.0,0.0,0.0
exhibit,0.0,0.0,0.0
exist,0.0,0.0,0.0
exit,0.0,0.0,0.0
exp,0.0,0.0,0.0
expand,0.0,0.0,0.0
expect,0.0,0.0,0.0
expecteda,0.0,0.0,0.0
expectedalbeit,0.0,0.0,0.0
expens,0.0,0.0,0.0
expensivemonst,0.0,0.0,0.0
expensiveon,0.0,0.0,0.0
exper,0.0,0.0,0.0
experi,0.0,0.0,0.0
experienc,0.0,0.0,0.0
experiment,0.0,0.0,0.0
explain,0.0,0.0,0.0
explicit,0.0,0.0,0.0
explor,0.0,0.0,0.0
expos,0.0,0.0,0.0
expound,0.0,0.0,0.0
express,0.0,0.0,0.0
exquisit,0.0,0.0,0.0
exspect,0.0,0.0,0.0
extend,0.0,0.0,0.0
extens,0.0,0.0,0.0
exterior,0.0,0.0,0.0
extern,0.0,0.0,0.0
extol,0.0,0.0,0.0
extra,0.0,0.0,0.0
extran,0.0,0.0,0.0
extream,0.0,0.0,0.0
extrem,0.0,0.0,0.0
extrud,0.0,0.0,0.0
exud,0.0,0.0,0.0
eye,0.0,0.0,0.0
ez,0.0,0.0,0.0
ezdrumm,0.0,0.0,0.0
ezx,0.0,0.0,0.0
fab,0.0,0.0,0.0
fabric,0.0,0.0,0.0
fabul,0.0,0.0,0.0
face,0.0,0.0,0.0
factor,0.0,0.0,0.0
factori,0.0,0.0,0.0
fade,0.0,0.0,0.0
fail,0.0,0.0,0.0
faint,0.0,0.0,0.0
fair,0.0,0.0,0.0
fairi,0.0,0.0,0.0
faith,0.0,0.0,0.0
fake,0.0,0.0,0.0
fall,0.0,0.0,0.0
fallen,0.0,0.0,0.0
fals,0.0,0.0,0.0
falter,0.0,0.0,0.0
familiar,0.0,0.0,0.0
famous,0.0,0.0,0.0
fan,0.0,0.0,0.0
fanat,0.0,0.0,0.0
fanci,0.0,0.0,0.0
fancier,0.0,0.0,0.0
fanciest,0.0,0.0,0.0
fantact,0.0,0.0,0.0
fantast,0.0,0.0,0.0
far,0.0,0.0,0.0
fare,0.0,0.0,0.0
farther,0.0,0.0,0.0
fast,0.0,0.0,0.0
fasten,0.0,0.0,0.0
faster,0.0,0.0,0.0
fastest,0.0,0.0,0.0
fastpul,0.0,0.0,0.0
fat,0.0,0.0,0.0
fatal,0.0,0.0,0.0
father,0.0,0.0,0.0
fathom,0.0,0.0,0.0
fatigu,0.0,0.0,0.0
fatten,0.0,0.0,0.0
fatter,0.0,0.0,0.0
fault,0.0,0.0,0.0
faulti,0.0,0.0,0.0
faux,0.0,0.0,0.0
fave,0.0,0.0,0.0
favor,0.0,0.0,0.0
favour,0.0,0.0,0.0
favourit,0.0,0.0,0.0
fbq,0.0,0.0,0.0
fear,0.0,0.0,0.0
feat,0.0,0.0,0.0
featur,0.0,0.0,0.0
fed,0.0,0.0,0.0
feed,0.0,0.0,0.0
feedback,0.0,0.0,0.0
feel,0.0,0.0,0.0
fell,0.0,0.0,0.0
fellow,0.0,0.0,0.0
felt,0.0,0.0,0.0
femal,0.0,0.0,0.0
fend,0.0,0.0,0.0
fender,0.0,0.0,0.0
few,0.0,0.0,0.0
fewer,0.0,0.0,0.0
fi,0.0,0.0,0.0
fiber,0.0,0.0,0.0
fibr,0.0,0.0,0.0
fidd,0.0,0.0,0.0
fiddl,0.0,0.0,0.0
fier,0.0,0.0,0.0
fifteen,0.0,0.0,0.0
fifti,0.0,0.0,0.0
fight,0.0,0.0,0.0
figur,0.0,0.0,0.0
file,0.0,0.0,0.0
fill,0.0,0.0,0.0
filmsi,0.0,0.0,0.0
filter,0.0,0.0,0.0
filteri,0.0,0.0,0.0
fin,0.0,0.0,0.0
final,0.0,0.0,0.0
financi,0.0,0.0,0.0
find,0.0,0.0,0.0
fine,0.0,0.0,0.0
finest,0.0,0.0,0.0
finger,0.0,0.0,0.0
fingerboard,0.0,0.0,0.0
fingerlik,0.0,0.0,0.0
fingerpack,0.0,0.0,0.0
fingerpick,0.0,0.0,0.0
fingerstyl,0.0,0.0,0.0
finicki,0.0,0.0,0.0
finish,0.0,0.0,0.0
fire,0.0,0.0,0.0
firm,0.0,0.0,0.0
firmer,0.0,0.0,0.0
first,0.0,0.0,0.0
firth,0.0,0.0,0.0
fish,0.0,0.0,0.0
fishman,0.0,0.0,0.0
fist,0.0,0.0,0.0
fit,0.0,0.0,0.0
fix,0.0,0.0,0.0
fizzi,0.0,0.0,0.0
fl,0.0,0.0,0.0
flac,0.0,0.0,0.0
flag,0.0,0.0,0.0
flak,0.0,0.0,0.0
flake,0.0,0.0,0.0
flakey,0.0,0.0,0.0
flamenco,0.0,0.0,0.0
flammabl,0.0,0.0,0.0
flang,0.0,0.0,0.0
flanger,0.0,0.0,0.0
flap,0.0,0.0,0.0
flappi,0.0,0.0,0.0
flash,0.0,0.0,0.0
flashi,0.0,0.0,0.0
flashier,0.0,0.0,0.0
flashlight,0.0,0.0,0.0
flat,0.0,0.0,0.0
flatpick,0.0,0.0,0.0
flatten,0.0,0.0,0.0
flatter,0.0,0.0,0.0
flattop,0.0,0.0,0.0
flatwound,0.0,0.0,0.0
flawless,0.0,0.0,0.0
fleshi,0.0,0.0,0.0
flew,0.0,0.0,0.0
flex,0.0,0.0,0.0
flexibl,0.0,0.0,0.0
fli,0.0,0.0,0.0
flicker,0.0,0.0,0.0
flimsi,0.0,0.0,0.0
flimsier,0.0,0.0,0.0
fling,0.0,0.0,0.0
flip,0.0,0.0,0.0
float,0.0,0.0,0.0
floor,0.0,0.0,0.0
floorboard,0.0,0.0,0.0
floosi,0.0,0.0,0.0
flop,0.0,0.0,0.0
floppi,0.0,0.0,0.0
floral,0.0,0.0,0.0
floresc,0.0,0.0,0.0
florida,0.0,0.0,0.0
florist,0.0,0.0,0.0
flow,0.0,0.0,0.0
flubbi,0.0,0.0,0.0
fluctuat,0.0,0.0,0.0
fluid,0.0,0.0,0.0
fluke,0.0,0.0,0.0
flush,0.0,0.0,0.0
flute,0.0,0.0,0.0
foam,0.0,0.0,0.0
focus,0.0,0.0,0.0
focusrit,0.0,0.0,0.0
fog,0.0,0.0,0.0
foggi,0.0,0.0,0.0
fold,0.0,0.0,0.0
folk,0.0,0.0,0.0
follow,0.0,0.0,0.0
fond,0.0,0.0,0.0
font,0.0,0.0,0.0
fool,0.0,0.0,0.0
foolish,0.0,0.0,0.0
foolproof,0.0,0.0,0.0
foot,0.0,0.0,0.0
footer,0.0,0.0,0.0
footrest,0.0,0.0,0.0
footswitch,0.0,0.0,0.0
forbid,0.0,0.0,0.0
forc,0.0,0.0,0.0
forcibl,0.0,0.0,0.0
fordj,0.0,0.0,0.0
fore,0.0,0.0,0.0
forego,0.0,0.0,0.0
foreign,0.0,0.0,0.0
foremost,0.0,0.0,0.0
forese,0.0,0.0,0.0
foreseen,0.0,0.0,0.0
forev,0.0,0.0,0.0
forewarn,0.0,0.0,0.0
forfeit,0.0,0.0,0.0
forget,0.0,0.0,0.0
forgiv,0.0,0.0,0.0
forgiven,0.0,0.0,0.0
forgot,0.0,0.0,0.0
forgotten,0.0,0.0,0.0
fork,0.0,0.0,0.0
form,0.0,0.0,0.0
formabl,0.0,0.0,0.0
formal,0.0,0.0,0.0
former,0.0,0.0,0.0
forse,0.0,0.0,0.0
forth,0.0,0.0,0.0
forti,0.0,0.0,0.0
fortifi,0.0,0.0,0.0
fortun,0.0,0.0,0.0
forum,0.0,0.0,0.0
forward,0.0,0.0,0.0
found,0.0,0.0,0.0
fourteen,0.0,0.0,0.0
fourth,0.0,0.0,0.0
foward,0.0,0.0,0.0
fragil,0.0,0.0,0.0
frail,0.0,0.0,0.0
franchis,0.0,0.0,0.0
frank,0.0,0.0,0.0
fray,0.0,0.0,0.0
freak,0.0,0.0,0.0
free,0.0,0.0,0.0
freebe,0.0,0.0,0.0
freed,0.0,0.0,0.0
freeli,0.0,0.0,0.0
freetless,0.0,0.0,0.0
freewar,0.0,0.0,0.0
frequenc,0.0,0.0,0.0
frequent,0.0,0.0,0.0
fresh,0.0,0.0,0.0
freshen,0.0,0.0,0.0
fresher,0.0,0.0,0.0
frest,0.0,0.0,0.0
fret,0.0,0.0,0.0
fretboard,0.0,0.0,0.0
fretless,0.0,0.0,0.0
fri,0.0,0.0,0.0
friday,0.0,0.0,0.0
friend,0.0,0.0,0.0
frigid,0.0,0.0,0.0
frikn,0.0,0.0,0.0
frill,0.0,0.0,0.0
frivol,0.0,0.0,0.0
fro,0.0,0.0,0.0
fromthi,0.0,0.0,0.0
front,0.0,0.0,0.0
frost,0.0,0.0,0.0
frustrat,0.0,0.0,0.0
fsb,0.0,0.0,0.0
ft,0.0,0.0,0.0
fuel,0.0,0.0,0.0
full,0.0,0.0,0.0
fuller,0.0,0.0,0.0
fullest,0.0,0.0,0.0
fulli,0.0,0.0,0.0
fumbl,0.0,0.0,0.0
fume,0.0,0.0,0.0
fun,0.0,0.0,0.0
function,0.0,0.0,0.0
funk,0.0,0.0,0.0
funki,0.0,0.0,0.0
funni,0.0,0.0,0.0
fur,0.0,0.0,0.0
furri,0.0,0.0,0.0
further,0.0,0.0,0.0
fuse,0.0,0.0,0.0
fuss,0.0,0.0,0.0
fussi,0.0,0.0,0.0
futil,0.0,0.0,0.0
futur,0.0,0.0,0.0
fuzz,0.0,0.0,0.0
fuzzi,0.0,0.0,0.0
fuzzier,0.0,0.0,0.0
fw,0.0,0.0,0.0
fx,0.0,0.0,0.0
fxfor,0.0,0.0,0.0
fyi,0.0,0.0,0.0
gadget,0.0,0.0,0.0
gain,0.0,0.0,0.0
galor,0.0,0.0,0.0
gambl,0.0,0.0,0.0
game,0.0,0.0,0.0
gang,0.0,0.0,0.0
garageband,0.0,0.0,0.0
garbag,0.0,0.0,0.0
garcia,0.0,0.0,0.0
garish,0.0,0.0,0.0
gate,0.0,0.0,0.0
gather,0.0,0.0,0.0
gatorgrip,0.0,0.0,0.0
gaug,0.0,0.0,0.0
gave,0.0,0.0,0.0
gawdi,0.0,0.0,0.0
gb,0.0,0.0,0.0
gear,0.0,0.0,0.0
gee,0.0,0.0,0.0
gel,0.0,0.0,0.0
gell,0.0,0.0,0.0
general,0.0,0.0,0.0
generat,0.0,0.0,0.0
generic,0.0,0.0,0.0
generous,0.0,0.0,0.0
genius,0.0,0.0,0.0
genr,0.0,0.0,0.0
gentl,0.0,0.0,0.0
genuin,0.0,0.0,0.0
gerlitz,0.0,0.0,0.0
german,0.0,0.0,0.0
germani,0.0,0.0,0.0
get,0.0,0.0,0.0
gettingworn,0.0,0.0,0.0
ghs,0.0,0.0,0.0
giant,0.0,0.0,0.0
gibson,0.0,0.0,0.0
gig,0.0,0.0,0.0
gigant,0.0,0.0,0.0
gige,0.0,0.0,0.0
gilmour,0.0,0.0,0.0
gilmouresqu,0.0,0.0,0.0
gimic,0.0,0.0,0.0
gimmick,0.0,0.0,0.0
girl,0.0,0.0,0.0
git,0.0,0.0,0.0
give,0.0,0.0,0.0
given,0.0,0.0,0.0
giveyou,0.0,0.0,0.0
gizmo,0.0,0.0,0.0
glad,0.0,0.0,0.0
glandular,0.0,0.0,0.0
glare,0.0,0.0,0.0
glass,0.0,0.0,0.0
glassi,0.0,0.0,0.0
gleam,0.0,0.0,0.0
glen,0.0,0.0,0.0
glide,0.0,0.0,0.0
glisten,0.0,0.0,0.0
global,0.0,0.0,0.0
glorifi,0.0,0.0,0.0
glorious,0.0,0.0,0.0
gloss,0.0,0.0,0.0
glossi,0.0,0.0,0.0
glove,0.0,0.0,0.0
glow,0.0,0.0,0.0
gls,0.0,0.0,0.0
glu,0.0,0.0,0.0
glue,0.0,0.0,0.0
gm,0.0,0.0,0.0
gno,0.0,0.0,0.0
go,0.0,0.0,0.0
gobsmack,0.0,0.0,0.0
god,0.0,0.0,0.0
godaw,0.0,0.0,0.0
godlyk,0.0,0.0,0.0
godsend,0.0,0.0,0.0
goe,0.0,0.0,0.0
gold,0.0,0.0,0.0
golden,0.0,0.0,0.0
goldhat,0.0,0.0,0.0
gon,0.0,0.0,0.0
gone,0.0,0.0,0.0
goo,0.0,0.0,0.0
good,0.0,0.0,0.0
goodby,0.0,0.0,0.0
gooddirt,0.0,0.0,0.0
goodthank,0.0,0.0,0.0
goodtim,0.0,0.0,0.0
goofi,0.0,0.0,0.0
googl,0.0,0.0,0.0
goos,0.0,0.0,0.0
goretex,0.0,0.0,0.0
gorgeous,0.0,0.0,0.0
gospel,0.0,0.0,0.0
got,0.0,0.0,0.0
gota,0.0,0.0,0.0
goth,0.0,0.0,0.0
gotten,0.0,0.0,0.0
grab,0.0,0.0,0.0
grace,0.0,0.0,0.0
gracious,0.0,0.0,0.0
grade,0.0,0.0,0.0
gradual,0.0,0.0,0.0
graini,0.0,0.0,0.0
grand,0.0,0.0,0.0
grant,0.0,0.0,0.0
graph,0.0,0.0,0.0
graphic,0.0,0.0,0.0
graphit,0.0,0.0,0.0
graphtech,0.0,0.0,0.0
grasp,0.0,0.0,0.0
grate,0.0,0.0,0.0
gray,0.0,0.0,0.0
greasi,0.0,0.0,0.0
great,0.0,0.0,0.0
greater,0.0,0.0,0.0
greatest,0.0,0.0,0.0
green,0.0,0.0,0.0
greener,0.0,0.0,0.0
greenish,0.0,0.0,0.0
greg,0.0,0.0,0.0
gretch,0.0,0.0,0.0
grew,0.0,0.0,0.0
grey,0.0,0.0,0.0
grill,0.0,0.0,0.0
grimac,0.0,0.0,0.0
grin,0.0,0.0,0.0
grind,0.0,0.0,0.0
grip,0.0,0.0,0.0
gripe,0.0,0.0,0.0
grippabl,0.0,0.0,0.0
grippi,0.0,0.0,0.0
grit,0.0,0.0,0.0
gritti,0.0,0.0,0.0
grittier,0.0,0.0,0.0
groan,0.0,0.0,0.0
groov,0.0,0.0,0.0
grope,0.0,0.0,0.0
gross,0.0,0.0,0.0
ground,0.0,0.0,0.0
groupi,0.0,0.0,0.0
grow,0.0,0.0,0.0
grown,0.0,0.0,0.0
grumbl,0.0,0.0,0.0
gsb,0.0,0.0,0.0
gspwb,0.0,0.0,0.0
gt,0.0,0.0,0.0
guarante,0.0,0.0,0.0
guard,0.0,0.0,0.0
guardian,0.0,0.0,0.0
guess,0.0,0.0,0.0
guest,0.0,0.0,0.0
guid,0.0,0.0,0.0
guild,0.0,0.0,0.0
guitar,0.0,0.0,0.0
guitarist,0.0,0.0,0.0
gum,0.0,0.0,0.0
gummi,0.0,0.0,0.0
gun,0.0,0.0,0.0
gunk,0.0,0.0,0.0
gush,0.0,0.0,0.0
gut,0.0,0.0,0.0
gutsi,0.0,0.0,0.0
guttur,0.0,0.0,0.0
guy,0.0,0.0,0.0
hackabl,0.0,0.0,0.0
had,0.0,0.0,0.0
haha,0.0,0.0,0.0
hahah,0.0,0.0,0.0
hahahthes,0.0,0.0,0.0
hair,0.0,0.0,0.0
halen,0.0,0.0,0.0
half,0.0,0.0,0.0
halfway,0.0,0.0,0.0
hallow,0.0,0.0,0.0
halloween,0.0,0.0,0.0
hammer,0.0,0.0,0.0
hand,0.0,0.0,0.0
handi,0.0,0.0,0.0
handl,0.0,0.0,0.0
handmad,0.0,0.0,0.0
hang,0.0,0.0,0.0
hanger,0.0,0.0,0.0
happen,0.0,0.0,0.0
happi,0.0,0.0,0.0
happier,0.0,0.0,0.0
happiest,0.0,0.0,0.0
happili,0.0,0.0,0.0
happyi,0.0,0.0,0.0
hard,0.0,0.0,0.0
harder,0.0,0.0,0.0
hardest,0.0,0.0,0.0
hardshel,0.0,0.0,0.0
hardwar,0.0,0.0,0.0
hardwood,0.0,0.0,0.0
harm,0.0,0.0,0.0
harmless,0.0,0.0,0.0
harmon,0.0,0.0,0.0
harmoni,0.0,0.0,0.0
harmonica,0.0,0.0,0.0
harmonix,0.0,0.0,0.0
harp,0.0,0.0,0.0
harsh,0.0,0.0,0.0
harvest,0.0,0.0,0.0
has,0.0,0.0,0.0
hasa,0.0,0.0,0.0
hassl,0.0,0.0,0.0
hastili,0.0,0.0,0.0
hate,0.0,0.0,0.0
haul,0.0,0.0,0.0
have,0.0,0.0,0.0
haven,0.0,0.0,0.0
havent,0.0,0.0,0.0
havn,0.0,0.0,0.0
havnt,0.0,0.0,0.0
hawk,0.0,0.0,0.0
hazard,0.0,0.0,0.0
hd,0.0,0.0,0.0
head,0.0,0.0,0.0
headach,0.0,0.0,0.0
headgear,0.0,0.0,0.0
headphon,0.0,0.0,0.0
healthi,0.0,0.0,0.0
hear,0.0,0.0,0.0
heard,0.0,0.0,0.0
heat,0.0,0.0,0.0
heaven,0.0,0.0,0.0
heaver,0.0,0.0,0.0
heavi,0.0,0.0,0.0
heavier,0.0,0.0,0.0
heavili,0.0,0.0,0.0
heck,0.0,0.0,0.0
heed,0.0,0.0,0.0
hefti,0.0,0.0,0.0
hehe,0.0,0.0,0.0
height,0.0,0.0,0.0
heil,0.0,0.0,0.0
held,0.0,0.0,0.0
hell,0.0,0.0,0.0
help,0.0,0.0,0.0
hem,0.0,0.0,0.0
henc,0.0,0.0,0.0
hendrixish,0.0,0.0,0.0
herc,0.0,0.0,0.0
hercul,0.0,0.0,0.0
here,0.0,0.0,0.0
herr,0.0,0.0,0.0
hes,0.0,0.0,0.0
hesit,0.0,0.0,0.0
hey,0.0,0.0,0.0
hi,0.0,0.0,0.0
hidden,0.0,0.0,0.0
hide,0.0,0.0,0.0
higest,0.0,0.0,0.0
high,0.0,0.0,0.0
higher,0.0,0.0,0.0
highest,0.0,0.0,0.0
highlight,0.0,0.0,0.0
hight,0.0,0.0,0.0
hinder,0.0,0.0,0.0
hip,0.0,0.0,0.0
hison,0.0,0.0,0.0
hiss,0.0,0.0,0.0
hissi,0.0,0.0,0.0
hit,0.0,0.0,0.0
hive,0.0,0.0,0.0
hmm,0.0,0.0,0.0
hobbi,0.0,0.0,0.0
hobbyist,0.0,0.0,0.0
hog,0.0,0.0,0.0
hohner,0.0,0.0,0.0
hold,0.0,0.0,0.0
holdsworth,0.0,0.0,0.0
hole,0.0,0.0,0.0
holi,0.0,0.0,0.0
hollow,0.0,0.0,0.0
home,0.0,0.0,0.0
homemad,0.0,0.0,0.0
hone,0.0,0.0,0.0
honest,0.0,0.0,0.0
honki,0.0,0.0,0.0
hook,0.0,0.0,0.0
hope,0.0,0.0,0.0
horizont,0.0,0.0,0.0
horn,0.0,0.0,0.0
horribl,0.0,0.0,0.0
horrid,0.0,0.0,0.0
hosa,0.0,0.0,0.0
hose,0.0,0.0,0.0
hot,0.0,0.0,0.0
hotter,0.0,0.0,0.0
hous,0.0,0.0,0.0
howev,0.0,0.0,0.0
hp,0.0,0.0,0.0
hping,0.0,0.0,0.0
hr,0.0,0.0,0.0
hrd,0.0,0.0,0.0
hte,0.0,0.0,0.0
http,0.0,0.0,0.0
hug,0.0,0.0,0.0
huge,0.0,0.0,0.0
hugeit,0.0,0.0,0.0
huh,0.0,0.0,0.0
hula,0.0,0.0,0.0
hum,0.0,0.0,0.0
human,0.0,0.0,0.0
humbl,0.0,0.0,0.0
humbuck,0.0,0.0,0.0
humdifi,0.0,0.0,0.0
humid,0.0,0.0,0.0
humidif,0.0,0.0,0.0
humidifi,0.0,0.0,0.0
humidipak,0.0,0.0,0.0
hundr,0.0,0.0,0.0
hunt,0.0,0.0,0.0
hurt,0.0,0.0,0.0
hybrid,0.0,0.0,0.0
hydrat,0.0,0.0,0.0
hype,0.0,0.0,0.0
hyper,0.0,0.0,0.0
hypnot,0.0,0.0,0.0
hz,0.0,0.0,0.0
ibanez,0.0,0.0,0.0
icepick,0.0,0.0,0.0
icepicki,0.0,0.0,0.0
icon,0.0,0.0,0.0
ideal,0.0,0.0,0.0
ident,0.0,0.0,0.0
identifi,0.0,0.0,0.0
idioci,0.0,0.0,0.0
idiot,0.0,0.0,0.0
ie,0.0,0.0,0.0
iffi,0.0,0.0,0.0
iggi,0.0,0.0,0.0
ignit,0.0,0.0,0.0
ignor,0.0,0.0,0.0
ii,0.0,0.0,0.0
iii,0.0,0.0,0.0
il,0.0,0.0,0.0
ill,0.0,0.0,0.0
illumin,0.0,0.0,0.0
im,0.0,0.0,0.0
imagin,0.0,0.0,0.0
imho,0.0,0.0,0.0
imhoupd,0.0,0.0,0.0
imit,0.0,0.0,0.0
immedi,0.0,0.0,0.0
immediat,0.0,0.0,0.0
immobil,0.0,0.0,0.0
immort,0.0,0.0,0.0
imo,0.0,0.0,0.0
impact,0.0,0.0,0.0
impecc,0.0,0.0,0.0
impend,0.0,0.0,0.0
imperfect,0.0,0.0,0.0
implement,0.0,0.0,0.0
impli,0.0,0.0,0.0
import,0.0,0.0,0.0
imposs,0.0,0.0,0.0
impract,0.0,0.0,0.0
impress,0.0,0.0,0.0
improp,0.0,0.0,0.0
improv,0.0,0.0,0.0
improvis,0.0,0.0,0.0
impuls,0.0,0.0,0.0
in,0.0,0.0,0.0
inact,0.0,0.0,0.0
inadequ,0.0,0.0,0.0
inadvert,0.0,0.0,0.0
inapprori,0.0,0.0,0.0
inbetween,0.0,0.0,0.0
inbubbl,0.0,0.0,0.0
incap,0.0,0.0,0.0
inch,0.0,0.0,0.0
incident,0.0,0.0,0.0
inclin,0.0,0.0,0.0
includ,0.0,0.0,0.0
incompar,0.0,0.0,0.0
inconceiv,0.0,0.0,0.0
inconsequenti,0.0,0.0,0.0
inconveni,0.0,0.0,0.0
incorpor,0.0,0.0,0.0
incorrect,0.0,0.0,0.0
increas,0.0,0.0,0.0
incred,0.0,0.0,0.0
increment,0.0,0.0,0.0
inde,0.0,0.0,0.0
indefinit,0.0,0.0,0.0
indent,0.0,0.0,0.0
independ,0.0,0.0,0.0
indespens,0.0,0.0,0.0
indestruct,0.0,0.0,0.0
indic,0.0,0.0,0.0
indiffer,0.0,0.0,0.0
indirect,0.0,0.0,0.0
indispens,0.0,0.0,0.0
indisput,0.0,0.0,0.0
individu,0.0,0.0,0.0
indonesia,0.0,0.0,0.0
indonesian,0.0,0.0,0.0
indoor,0.0,0.0,0.0
induc,0.0,0.0,0.0
industri,0.0,0.0,0.0
ineffect,0.0,0.0,0.0
ineffici,0.0,0.0,0.0
inept,0.0,0.0,0.0
inevit,0.0,0.0,0.0
inexcus,0.0,0.0,0.0
inexpens,0.0,0.0,0.0
inexpensiveepiphon,0.0,0.0,0.0
inexperienc,0.0,0.0,0.0
inferior,0.0,0.0,0.0
infinit,0.0,0.0,0.0
influenc,0.0,0.0,0.0
info,0.0,0.0,0.0
infomerci,0.0,0.0,0.0
inform,0.0,0.0,0.0
infrequ,0.0,0.0,0.0
ingeni,0.0,0.0,0.0
inher,0.0,0.0,0.0
inherit,0.0,0.0,0.0
initi,0.0,0.0,0.0
inject,0.0,0.0,0.0
inlay,0.0,0.0,0.0
inlin,0.0,0.0,0.0
innat,0.0,0.0,0.0
inner,0.0,0.0,0.0
innov,0.0,0.0,0.0
inopportun,0.0,0.0,0.0
inordin,0.0,0.0,0.0
input,0.0,0.0,0.0
insan,0.0,0.0,0.0
insert,0.0,0.0,0.0
insid,0.0,0.0,0.0
insist,0.0,0.0,0.0
inspect,0.0,0.0,0.0
inspir,0.0,0.0,0.0
instal,0.0,0.0,0.0
installationregard,0.0,0.0,0.0
installimprov,0.0,0.0,0.0
instant,0.0,0.0,0.0
instead,0.0,0.0,0.0
instruct,0.0,0.0,0.0
instrument,0.0,0.0,0.0
instrumentalist,0.0,0.0,0.0
insul,0.0,0.0,0.0
insult,0.0,0.0,0.0
insurmount,0.0,0.0,0.0
integr,0.0,0.0,0.0
intellig,0.0,0.0,0.0
intend,0.0,0.0,0.0
intens,0.0,0.0,0.0
intent,0.0,0.0,0.0
interact,0.0,0.0,0.0
interchang,0.0,0.0,0.0
interconnect,0.0,0.0,0.0
interest,0.0,0.0,0.0
interf,0.0,0.0,0.0
interfac,0.0,0.0,0.0
interfer,0.0,0.0,0.0
interior,0.0,0.0,0.0
interlock,0.0,0.0,0.0
intermedi,0.0,0.0,0.0
intermit,0.0,0.0,0.0
intermitt,0.0,0.0,0.0
intern,0.0,0.0,0.0
internet,0.0,0.0,0.0
interpret,0.0,0.0,0.0
intim,0.0,0.0,0.0
intimid,0.0,0.0,0.0
inton,0.0,0.0,0.0
intrigu,0.0,0.0,0.0
intrins,0.0,0.0,0.0
intro,0.0,0.0,0.0
introduc,0.0,0.0,0.0
intrus,0.0,0.0,0.0
intuit,0.0,0.0,0.0
invalu,0.0,0.0,0.0
invari,0.0,0.0,0.0
invas,0.0,0.0,0.0
invent,0.0,0.0,0.0
invest,0.0,0.0,0.0
investig,0.0,0.0,0.0
invis,0.0,0.0,0.0
invit,0.0,0.0,0.0
invok,0.0,0.0,0.0
involv,0.0,0.0,0.0
ipa,0.0,0.0,0.0
ipad,0.0,0.0,0.0
ipod,0.0,0.0,0.0
irish,0.0,0.0,0.0
irrate,0.0,0.0,0.0
irrelev,0.0,0.0,0.0
irrespons,0.0,0.0,0.0
irrit,0.0,0.0,0.0
is,0.0,0.0,0.0
ish,0.0,0.0,0.0
isnt,0.0,0.0,0.0
isol,0.0,0.0,0.0
itali,0.0,0.0,0.0
itdoesnt,0.0,0.0,0.0
itthes,0.0,0.0,0.0
iv,0.0,0.0,0.0
ive,0.0,0.0,0.0
ivori,0.0,0.0,0.0
iwa,0.0,0.0,0.0
jack,0.0,0.0,0.0
jackson,0.0,0.0,0.0
jag,0.0,0.0,0.0
jam,0.0,0.0,0.0
jamb,0.0,0.0,0.0
jang,0.0,0.0,0.0
japanes,0.0,0.0,0.0
jar,0.0,0.0,0.0
jasmin,0.0,0.0,0.0
jay,0.0,0.0,0.0
jazz,0.0,0.0,0.0
jazzi,0.0,0.0,0.0
jc,0.0,0.0,0.0
jelli,0.0,0.0,0.0
jensen,0.0,0.0,0.0
jerk,0.0,0.0,0.0
jerri,0.0,0.0,0.0
jet,0.0,0.0,0.0
jf,0.0,0.0,0.0
jiggl,0.0,0.0,0.0
jim,0.0,0.0,0.0
jimi,0.0,0.0,0.0
jimmi,0.0,0.0,0.0
john,0.0,0.0,0.0
join,0.0,0.0,0.0
joint,0.0,0.0,0.0
joke,0.0,0.0,0.0
jostl,0.0,0.0,0.0
joyo,0.0,0.0,0.0
jp,0.0,0.0,0.0
jr,0.0,0.0,0.0
judg,0.0,0.0,0.0
judgment,0.0,0.0,0.0
judici,0.0,0.0,0.0
jumbl,0.0,0.0,0.0
jumbo,0.0,0.0,0.0
jump,0.0,0.0,0.0
jumpi,0.0,0.0,0.0
june,0.0,0.0,0.0
junior,0.0,0.0,0.0
jusi,0.0,0.0,0.0
just,0.0,0.0,0.0
justadd,0.0,0.0,0.0
justic,0.0,0.0,0.0
justifi,0.0,0.0,0.0
karaok,0.0,0.0,0.0
kardashian,0.0,0.0,0.0
kazoo,0.0,0.0,0.0
kbps,0.0,0.0,0.0
kc,0.0,0.0,0.0
keeli,0.0,0.0,0.0
keen,0.0,0.0,0.0
keep,0.0,0.0,0.0
keeper,0.0,0.0,0.0
kendal,0.0,0.0,0.0
kept,0.0,0.0,0.0
ketrd,0.0,0.0,0.0
kettner,0.0,0.0,0.0
key,0.0,0.0,0.0
keyboard,0.0,0.0,0.0
keyboardist,0.0,0.0,0.0
keyser,0.0,0.0,0.0
khjghjjh,0.0,0.0,0.0
khz,0.0,0.0,0.0
kick,0.0,0.0,0.0
kickin,0.0,0.0,0.0
kid,0.0,0.0,0.0
kidalso,0.0,0.0,0.0
kiddi,0.0,0.0,0.0
kill,0.0,0.0,0.0
killer,0.0,0.0,0.0
kind,0.0,0.0,0.0
kinda,0.0,0.0,0.0
king,0.0,0.0,0.0
kiss,0.0,0.0,0.0
kit,0.0,0.0,0.0
klutz,0.0,0.0,0.0
kmc,0.0,0.0,0.0
knee,0.0,0.0,0.0
knew,0.0,0.0,0.0
knob,0.0,0.0,0.0
knock,0.0,0.0,0.0
knockoff,0.0,0.0,0.0
know,0.0,0.0,0.0
knowledg,0.0,0.0,0.0
known,0.0,0.0,0.0
knownto,0.0,0.0,0.0
kodak,0.0,0.0,0.0
kool,0.0,0.0,0.0
korg,0.0,0.0,0.0
korn,0.0,0.0,0.0
kurzweil,0.0,0.0,0.0
kyser,0.0,0.0,0.0
lab,0.0,0.0,0.0
label,0.0,0.0,0.0
labella,0.0,0.0,0.0
lack,0.0,0.0,0.0
lacquer,0.0,0.0,0.0
ladi,0.0,0.0,0.0
lager,0.0,0.0,0.0
laguna,0.0,0.0,0.0
laid,0.0,0.0,0.0
lamin,0.0,0.0,0.0
land,0.0,0.0,0.0
lap,0.0,0.0,0.0
lapel,0.0,0.0,0.0
laptop,0.0,0.0,0.0
larg,0.0,0.0,0.0
larger,0.0,0.0,0.0
largest,0.0,0.0,0.0
las,0.0,0.0,0.0
laser,0.0,0.0,0.0
laskin,0.0,0.0,0.0
last,0.0,0.0,0.0
lat,0.0,0.0,0.0
latch,0.0,0.0,0.0
late,0.0,0.0,0.0
latenc,0.0,0.0,0.0
later,0.0,0.0,0.0
latest,0.0,0.0,0.0
latter,0.0,0.0,0.0
laugh,0.0,0.0,0.0
lavali,0.0,0.0,0.0
lax,0.0,0.0,0.0
lay,0.0,0.0,0.0
layer,0.0,0.0,0.0
lazi,0.0,0.0,0.0
lb,0.0,0.0,0.0
lbs,0.0,0.0,0.0
lc,0.0,0.0,0.0
lcd,0.0,0.0,0.0
ldc,0.0,0.0,0.0
lead,0.0,0.0,0.0
leak,0.0,0.0,0.0
lean,0.0,0.0,0.0
leap,0.0,0.0,0.0
leari,0.0,0.0,0.0
learn,0.0,0.0,0.0
least,0.0,0.0,0.0
leather,0.0,0.0,0.0
leatherman,0.0,0.0,0.0
leav,0.0,0.0,0.0
led,0.0,0.0,0.0
lee,0.0,0.0,0.0
leeri,0.0,0.0,0.0
left,0.0,0.0,0.0
lefti,0.0,0.0,0.0
leftov,0.0,0.0,0.0
leg,0.0,0.0,0.0
legal,0.0,0.0,0.0
legendari,0.0,0.0,0.0
legit,0.0,0.0,0.0
lemon,0.0,0.0,0.0
lend,0.0,0.0,0.0
length,0.0,0.0,0.0
lengthi,0.0,0.0,0.0
leo,0.0,0.0,0.0
les,0.0,0.0,0.0
lesli,0.0,0.0,0.0
less,0.0,0.0,0.0
lesser,0.0,0.0,0.0
lest,0.0,0.0,0.0
let,0.0,0.0,0.0
letter,0.0,0.0,0.0
level,0.0,0.0,0.0
lever,0.0,0.0,0.0
leverag,0.0,0.0,0.0
levi,0.0,0.0,0.0
lexan,0.0,0.0,0.0
lexicon,0.0,0.0,0.0
liabl,0.0,0.0,0.0
liber,0.0,0.0,0.0
lick,0.0,0.0,0.0
lid,0.0,0.0,0.0
lie,0.0,0.0,0.0
lifelong,0.0,0.0,0.0
lifespan,0.0,0.0,0.0
lifetim,0.0,0.0,0.0
lift,0.0,0.0,0.0
light,0.0,0.0,0.0
lighten,0.0,0.0,0.0
lighter,0.0,0.0,0.0
lightest,0.0,0.0,0.0
lightn,0.0,0.0,0.0
lightweight,0.0,0.0,0.0
liitl,0.0,0.0,0.0
like,0.0,0.0,0.0
likeabl,0.0,0.0,0.0
likewis,0.0,0.0,0.0
likey,0.0,0.0,0.0
lil,0.0,0.0,0.0
lilbrass,0.0,0.0,0.0
limborg,0.0,0.0,0.0
limit,0.0,0.0,0.0
limp,0.0,0.0,0.0
line,0.0,0.0,0.0
linger,0.0,0.0,0.0
link,0.0,0.0,0.0
linse,0.0,0.0,0.0
lint,0.0,0.0,0.0
linti,0.0,0.0,0.0
linux,0.0,0.0,0.0
liquidth,0.0,0.0,0.0
liquifi,0.0,0.0,0.0
list,0.0,0.0,0.0
listen,0.0,0.0,0.0
lit,0.0,0.0,0.0
lite,0.0,0.0,0.0
liter,0.0,0.0,0.0
litl,0.0,0.0,0.0
litll,0.0,0.0,0.0
litt,0.0,0.0,0.0
litter,0.0,0.0,0.0
littl,0.0,0.0,0.0
live,0.0,0.0,0.0
liveabl,0.0,0.0,0.0
liven,0.0,0.0,0.0
lj,0.0,0.0,0.0
ljaymus,0.0,0.0,0.0
ll,0.0,0.0,0.0
llnever,0.0,0.0,0.0
lo,0.0,0.0,0.0
load,0.0,0.0,0.0
local,0.0,0.0,0.0
locat,0.0,0.0,0.0
locationgood,0.0,0.0,0.0
lock,0.0,0.0,0.0
lockabl,0.0,0.0,0.0
locktit,0.0,0.0,0.0
logic,0.0,0.0,0.0
logo,0.0,0.0,0.0
lok,0.0,0.0,0.0
loke,0.0,0.0,0.0
lol,0.0,0.0,0.0
lone,0.0,0.0,0.0
lonesom,0.0,0.0,0.0
long,0.0,0.0,0.0
longer,0.0,0.0,0.0
longest,0.0,0.0,0.0
loo,0.0,0.0,0.0
look,0.0,0.0,0.0
lookin,0.0,0.0,0.0
loooong,0.0,0.0,0.0
loooov,0.0,0.0,0.0
loop,0.0,0.0,0.0
loos,0.0,0.0,0.0
loosen,0.0,0.0,0.0
looser,0.0,0.0,0.0
lose,0.0,0.0,0.0
loss,0.0,0.0,0.0
lost,0.0,0.0,0.0
lot,0.0,0.0,0.0
lotclean,0.0,0.0,0.0
lotus,0.0,0.0,0.0
loud,0.0,0.0,0.0
louder,0.0,0.0,0.0
loudest,0.0,0.0,0.0
lousi,0.0,0.0,0.0
love,0.0,0.0,0.0
low,0.0,0.0,0.0
lower,0.0,0.0,0.0
lowest,0.0,0.0,0.0
loyal,0.0,0.0,0.0
lp,0.0,0.0,0.0
ltd,0.0,0.0,0.0
lube,0.0,0.0,0.0
lubric,0.0,0.0,0.0
luck,0.0,0.0,0.0
lucki,0.0,0.0,0.0
luckili,0.0,0.0,0.0
lug,0.0,0.0,0.0
lukewarm,0.0,0.0,0.0
lulz,0.0,0.0,0.0
lumen,0.0,0.0,0.0
luna,0.0,0.0,0.0
lush,0.0,0.0,0.0
lust,0.0,0.0,0.0
lustrous,0.0,0.0,0.0
luthier,0.0,0.0,0.0
ma,0.0,0.0,0.0
mac,0.0,0.0,0.0
machin,0.0,0.0,0.0
machineus,0.0,0.0,0.0
made,0.0,0.0,0.0
magic,0.0,0.0,0.0
magnet,0.0,0.0,0.0
magnifi,0.0,0.0,0.0
mah,0.0,0.0,0.0
mahogani,0.0,0.0,0.0
mail,0.0,0.0,0.0
main,0.0,0.0,0.0
maintain,0.0,0.0,0.0
mainten,0.0,0.0,0.0
major,0.0,0.0,0.0
make,0.0,0.0,0.0
male,0.0,0.0,0.0
malfunct,0.0,0.0,0.0
mallow,0.0,0.0,0.0
manag,0.0,0.0,0.0
mandatori,0.0,0.0,0.0
mando,0.0,0.0,0.0
mandolin,0.0,0.0,0.0
maneuv,0.0,0.0,0.0
mangan,0.0,0.0,0.0
manhandl,0.0,0.0,0.0
manhattan,0.0,0.0,0.0
mani,0.0,0.0,0.0
manipul,0.0,0.0,0.0
manual,0.0,0.0,0.0
manufactu,0.0,0.0,0.0
manufactur,0.0,0.0,0.0
map,0.0,0.0,0.0
mapl,0.0,0.0,0.0
mar,0.0,0.0,0.0
mare,0.0,0.0,0.0
margin,0.0,0.0,0.0
mariachi,0.0,0.0,0.0
mark,0.0,0.0,0.0
market,0.0,0.0,0.0
marr,0.0,0.0,0.0
marri,0.0,0.0,0.0
marshal,0.0,0.0,0.0
martin,0.0,0.0,0.0
marvel,0.0,0.0,0.0
mash,0.0,0.0,0.0
mask,0.0,0.0,0.0
massiv,0.0,0.0,0.0
master,0.0,0.0,0.0
match,0.0,0.0,0.0
matchstick,0.0,0.0,0.0
mate,0.0,0.0,0.0
materi,0.0,0.0,0.0
matic,0.0,0.0,0.0
matt,0.0,0.0,0.0
matter,0.0,0.0,0.0
max,0.0,0.0,0.0
maxim,0.0,0.0,0.0
maximum,0.0,0.0,0.0
mayb,0.0,0.0,0.0
mayer,0.0,0.0,0.0
mccarti,0.0,0.0,0.0
mccoy,0.0,0.0,0.0
mcyntir,0.0,0.0,0.0
mean,0.0,0.0,0.0
meant,0.0,0.0,0.0
meanwhil,0.0,0.0,0.0
measur,0.0,0.0,0.0
meat,0.0,0.0,0.0
meati,0.0,0.0,0.0
mecan,0.0,0.0,0.0
mechan,0.0,0.0,0.0
mechnic,0.0,0.0,0.0
med,0.0,0.0,0.0
medal,0.0,0.0,0.0
mediocr,0.0,0.0,0.0
medium,0.0,0.0,0.0
meet,0.0,0.0,0.0
mega,0.0,0.0,0.0
megadeth,0.0,0.0,0.0
mello,0.0,0.0,0.0
mellow,0.0,0.0,0.0
melt,0.0,0.0,0.0
memori,0.0,0.0,0.0
memphi,0.0,0.0,0.0
mention,0.0,0.0,0.0
mere,0.0,0.0,0.0
merg,0.0,0.0,0.0
mesa,0.0,0.0,0.0
mesh,0.0,0.0,0.0
mess,0.0,0.0,0.0
messi,0.0,0.0,0.0
messin,0.0,0.0,0.0
met,0.0,0.0,0.0
metal,0.0,0.0,0.0
metalhead,0.0,0.0,0.0
metallica,0.0,0.0,0.0
metallicperfect,0.0,0.0,0.0
meter,0.0,0.0,0.0
metric,0.0,0.0,0.0
metronom,0.0,0.0,0.0
mexican,0.0,0.0,0.0
mexico,0.0,0.0,0.0
mg,0.0,0.0,0.0
mh,0.0,0.0,0.0
mic,0.0,0.0,0.0
mice,0.0,0.0,0.0
micro,0.0,0.0,0.0
microfib,0.0,0.0,0.0
micron,0.0,0.0,0.0
microphon,0.0,0.0,0.0
microphonecolor,0.0,0.0,0.0
microwav,0.0,0.0,0.0
mid,0.0,0.0,0.0
middl,0.0,0.0,0.0
midi,0.0,0.0,0.0
midrang,0.0,0.0,0.0
midwest,0.0,0.0,0.0
mike,0.0,0.0,0.0
mild,0.0,0.0,0.0
militari,0.0,0.0,0.0
mim,0.0,0.0,0.0
mimim,0.0,0.0,0.0
min,0.0,0.0,0.0
mind,0.0,0.0,0.0
mine,0.0,0.0,0.0
miner,0.0,0.0,0.0
mini,0.0,0.0,0.0
minim,0.0,0.0,0.0
minimalist,0.0,0.0,0.0
minimum,0.0,0.0,0.0
miniscul,0.0,0.0,0.0
minor,0.0,0.0,0.0
minus,0.0,0.0,0.0
minut,0.0,0.0,0.0
miracl,0.0,0.0,0.0
mirrorglaz,0.0,0.0,0.0
mis,0.0,0.0,0.0
misc,0.0,0.0,0.0
miscellan,0.0,0.0,0.0
miser,0.0,0.0,0.0
miserlou,0.0,0.0,0.0
misl,0.0,0.0,0.0
mislead,0.0,0.0,0.0
mismark,0.0,0.0,0.0
misplac,0.0,0.0,0.0
miss,0.0,0.0,0.0
mistak,0.0,0.0,0.0
mistaken,0.0,0.0,0.0
mistreat,0.0,0.0,0.0
mix,0.0,0.0,0.0
mixer,0.0,0.0,0.0
mm,0.0,0.0,0.0
mo,0.0,0.0,0.0
mobil,0.0,0.0,0.0
mod,0.0,0.0,0.0
mode,0.0,0.0,0.0
model,0.0,0.0,0.0
moder,0.0,0.0,0.0
modern,0.0,0.0,0.0
modest,0.0,0.0,0.0
modifi,0.0,0.0,0.0
modual,0.0,0.0,0.0
modul,0.0,0.0,0.0
moduleplay,0.0,0.0,0.0
mogami,0.0,0.0,0.0
moist,0.0,0.0,0.0
moistur,0.0,0.0,0.0
mold,0.0,0.0,0.0
momentari,0.0,0.0,0.0
momentarili,0.0,0.0,0.0
mon,0.0,0.0,0.0
monitor,0.0,0.0,0.0
monkey,0.0,0.0,0.0
mono,0.0,0.0,0.0
monster,0.0,0.0,0.0
mont,0.0,0.0,0.0
month,0.0,0.0,0.0
moor,0.0,0.0,0.0
moot,0.0,0.0,0.0
more,0.0,0.0,0.0
morello,0.0,0.0,0.0
morley,0.0,0.0,0.0
mortal,0.0,0.0,0.0
mortifi,0.0,0.0,0.0
most,0.0,0.0,0.0
motley,0.0,0.0,0.0
motown,0.0,0.0,0.0
mount,0.0,0.0,0.0
mouth,0.0,0.0,0.0
move,0.0,0.0,0.0
mp,0.0,0.0,0.0
mr,0.0,0.0,0.0
ms,0.0,0.0,0.0
mucch,0.0,0.0,0.0
much,0.0,0.0,0.0
muck,0.0,0.0,0.0
mud,0.0,0.0,0.0
muddi,0.0,0.0,0.0
muddier,0.0,0.0,0.0
muddl,0.0,0.0,0.0
muff,0.0,0.0,0.0
muffl,0.0,0.0,0.0
multi,0.0,0.0,0.0
multifunct,0.0,0.0,0.0
multipl,0.0,0.0,0.0
multipurpos,0.0,0.0,0.0
muscl,0.0,0.0,0.0
mushi,0.0,0.0,0.0
musian,0.0,0.0,0.0
music,0.0,0.0,0.0
musican,0.0,0.0,0.0
musician,0.0,0.0,0.0
mute,0.0,0.0,0.0
mxl,0.0,0.0,0.0
mxr,0.0,0.0,0.0
myself,0.0,0.0,0.0
mystic,0.0,0.0,0.0
na,0.0,0.0,0.0
nadi,0.0,0.0,0.0
nail,0.0,0.0,0.0
nake,0.0,0.0,0.0
name,0.0,0.0,0.0
namm,0.0,0.0,0.0
nandi,0.0,0.0,0.0
nanoweb,0.0,0.0,0.0
nap,0.0,0.0,0.0
narrow,0.0,0.0,0.0
nasal,0.0,0.0,0.0
nasti,0.0,0.0,0.0
nastiest,0.0,0.0,0.0
nation,0.0,0.0,0.0
nativ,0.0,0.0,0.0
nato,0.0,0.0,0.0
natur,0.0,0.0,0.0
naught,0.0,0.0,0.0
nd,0.0,0.0,0.0
near,0.0,0.0,0.0
nearbi,0.0,0.0,0.0
nearer,0.0,0.0,0.0
nearest,0.0,0.0,0.0
neat,0.0,0.0,0.0
neatest,0.0,0.0,0.0
neatether,0.0,0.0,0.0
neccess,0.0,0.0,0.0
neccessarili,0.0,0.0,0.0
necessari,0.0,0.0,0.0
necessarili,0.0,0.0,0.0
neck,0.0,0.0,0.0
need,0.0,0.0,0.0
needl,0.0,0.0,0.0
needless,0.0,0.0,0.0
negat,0.0,0.0,0.0
neglect,0.0,0.0,0.0
neglig,0.0,0.0,0.0
negoti,0.0,0.0,0.0
nehh,0.0,0.0,0.0
neighbour,0.0,0.0,0.0
neither,0.0,0.0,0.0
neo,0.0,0.0,0.0
neon,0.0,0.0,0.0
neotech,0.0,0.0,0.0
nervous,0.0,0.0,0.0
nest,0.0,0.0,0.0
net,0.0,0.0,0.0
network,0.0,0.0,0.0
neumann,0.0,0.0,0.0
neuter,0.0,0.0,0.0
neutrik,0.0,0.0,0.0
neve,0.0,0.0,0.0
never,0.0,0.0,0.0
neverhad,0.0,0.0,0.0
nevertheless,0.0,0.0,0.0
new,0.0,0.0,0.0
newbi,0.0,0.0,0.0
newborn,0.0,0.0,0.0
newer,0.0,0.0,0.0
newest,0.0,0.0,0.0
newmahalo,0.0,0.0,0.0
nex,0.0,0.0,0.0
next,0.0,0.0,0.0
nice,0.0,0.0,0.0
nicer,0.0,0.0,0.0
nicest,0.0,0.0,0.0
nick,0.0,0.0,0.0
nickel,0.0,0.0,0.0
nickweissmus,0.0,0.0,0.0
niec,0.0,0.0,0.0
nifti,0.0,0.0,0.0
night,0.0,0.0,0.0
nikon,0.0,0.0,0.0
nineti,0.0,0.0,0.0
nitpick,0.0,0.0,0.0
nitpicki,0.0,0.0,0.0
nitro,0.0,0.0,0.0
nitrocellulos,0.0,0.0,0.0
no,0.0,0.0,0.0
nois,0.0,0.0,0.0
noiseless,0.0,0.0,0.0
noiseno,0.0,0.0,0.0
noisey,0.0,0.0,0.0
noisi,0.0,0.0,0.0
non,0.0,0.0,0.0
none,0.0,0.0,0.0
noneif,0.0,0.0,0.0
nonetheless,0.0,0.0,0.0
nonpad,0.0,0.0,0.0
nonsens,0.0,0.0,0.0
noooooooo,0.0,0.0,0.0
nope,0.0,0.0,0.0
normal,0.0,0.0,0.0
normalci,0.0,0.0,0.0
north,0.0,0.0,0.0
northern,0.0,0.0,0.0
nose,0.0,0.0,0.0
nostalg,0.0,0.0,0.0
not,0.0,0.0,0.0
notabl,0.0,0.0,0.0
notch,0.0,0.0,0.0
note,0.0,0.0,0.0
notepad,0.0,0.0,0.0
notic,0.0,0.0,0.0
noticablec,0.0,0.0,0.0
noton,0.0,0.0,0.0
notori,0.0,0.0,0.0
notwithstand,0.0,0.0,0.0
nouveau,0.0,0.0,0.0
nov,0.0,0.0,0.0
novelti,0.0,0.0,0.0
novic,0.0,0.0,0.0
now,0.0,0.0,0.0
nowher,0.0,0.0,0.0
nozzl,0.0,0.0,0.0
npr,0.0,0.0,0.0
ns,0.0,0.0,0.0
nt,0.0,0.0,0.0
nuclear,0.0,0.0,0.0
nudg,0.0,0.0,0.0
nuff,0.0,0.0,0.0
nuisanc,0.0,0.0,0.0
number,0.0,0.0,0.0
numer,0.0,0.0,0.0
nut,0.0,0.0,0.0
nx,0.0,0.0,0.0
ny,0.0,0.0,0.0
nyc,0.0,0.0,0.0
nylon,0.0,0.0,0.0
nylong,0.0,0.0,0.0
oasi,0.0,0.0,0.0
object,0.0,0.0,0.0
objection,0.0,0.0,0.0
obnoxi,0.0,0.0,0.0
obsess,0.0,0.0,0.0
obtain,0.0,0.0,0.0
obtrus,0.0,0.0,0.0
obvious,0.0,0.0,0.0
obvous,0.0,0.0,0.0
occasion,0.0,0.0,0.0
occassion,0.0,0.0,0.0
occupi,0.0,0.0,0.0
occur,0.0,0.0,0.0
ocean,0.0,0.0,0.0
octav,0.0,0.0,0.0
octiv,0.0,0.0,0.0
od,0.0,0.0,0.0
odd,0.0,0.0,0.0
oddbal,0.0,0.0,0.0
odf,0.0,0.0,0.0
odor,0.0,0.0,0.0
oem,0.0,0.0,0.0
off,0.0,0.0,0.0
offend,0.0,0.0,0.0
offens,0.0,0.0,0.0
offer,0.0,0.0,0.0
offici,0.0,0.0,0.0
offset,0.0,0.0,0.0
offth,0.0,0.0,0.0
ofsleek,0.0,0.0,0.0
often,0.0,0.0,0.0
oh,0.0,0.0,0.0
ohhh,0.0,0.0,0.0
ohhhh,0.0,0.0,0.0
ohm,0.0,0.0,0.0
oil,0.0,0.0,0.0
oili,0.0,0.0,0.0
ok,0.0,0.0,0.0
okay,0.0,0.0,0.0
oksar,0.0,0.0,0.0
old,0.0,0.0,0.0
older,0.0,0.0,0.0
oldest,0.0,0.0,0.0
om,0.0,0.0,0.0
omni,0.0,0.0,0.0
onboard,0.0,0.0,0.0
onc,0.0,0.0,0.0
onehosa,0.0,0.0,0.0
oneto,0.0,0.0,0.0
ongo,0.0,0.0,0.0
onl,0.0,0.0,0.0
onli,0.0,0.0,0.0
onlin,0.0,0.0,0.0
onlinecarstereo,0.0,0.0,0.0
onth,0.0,0.0,0.0
ontim,0.0,0.0,0.0
oohthank,0.0,0.0,0.0
oomph,0.0,0.0,0.0
ooz,0.0,0.0,0.0
open,0.0,0.0,0.0
openit,0.0,0.0,0.0
oper,0.0,0.0,0.0
oppos,0.0,0.0,0.0
opposit,0.0,0.0,0.0
opt,0.0,0.0,0.0
optim,0.0,0.0,0.0
optimist,0.0,0.0,0.0
optimum,0.0,0.0,0.0
option,0.0,0.0,0.0
orangish,0.0,0.0,0.0
orchestra,0.0,0.0,0.0
order,0.0,0.0,0.0
orderraxxess,0.0,0.0,0.0
ordinari,0.0,0.0,0.0
ordinarili,0.0,0.0,0.0
organ,0.0,0.0,0.0
organiz,0.0,0.0,0.0
orient,0.0,0.0,0.0
origianlli,0.0,0.0,0.0
origin,0.0,0.0,0.0
orlando,0.0,0.0,0.0
os,0.0,0.0,0.0
osbourn,0.0,0.0,0.0
oskar,0.0,0.0,0.0
ostentati,0.0,0.0,0.0
oth,0.0,0.0,0.0
other,0.0,0.0,0.0
otherwis,0.0,0.0,0.0
ouch,0.0,0.0,0.0
out,0.0,0.0,0.0
outboard,0.0,0.0,0.0
outclass,0.0,0.0,0.0
outdoor,0.0,0.0,0.0
outlast,0.0,0.0,0.0
outlin,0.0,0.0,0.0
outliv,0.0,0.0,0.0
outperform,0.0,0.0,0.0
output,0.0,0.0,0.0
outrag,0.0,0.0,0.0
outright,0.0,0.0,0.0
outsid,0.0,0.0,0.0
outstand,0.0,0.0,0.0
outstretch,0.0,0.0,0.0
outward,0.0,0.0,0.0
outweigh,0.0,0.0,0.0
oval,0.0,0.0,0.0
oven,0.0,0.0,0.0
over,0.0,0.0,0.0
overal,0.0,0.0,0.0
overbal,0.0,0.0,0.0
overbend,0.0,0.0,0.0
overblow,0.0,0.0,0.0
overcom,0.0,0.0,0.0
overcompress,0.0,0.0,0.0
overd,0.0,0.0,0.0
overdid,0.0,0.0,0.0
overdo,0.0,0.0,0.0
overdr,0.0,0.0,0.0
overdriv,0.0,0.0,0.0
overdriven,0.0,0.0,0.0
overdub,0.0,0.0,0.0
overestim,0.0,0.0,0.0
overhead,0.0,0.0,0.0
overkil,0.0,0.0,0.0
overload,0.0,0.0,0.0
overlook,0.0,0.0,0.0
overnight,0.0,0.0,0.0
overpow,0.0,0.0,0.0
overpr,0.0,0.0,0.0
overs,0.0,0.0,0.0
oversea,0.0,0.0,0.0
oversel,0.0,0.0,0.0
overshadow,0.0,0.0,0.0
oversold,0.0,0.0,0.0
overst,0.0,0.0,0.0
overstep,0.0,0.0,0.0
overtighten,0.0,0.0,0.0
overtim,0.0,0.0,0.0
overus,0.0,0.0,0.0
overweight,0.0,0.0,0.0
overwhelm,0.0,0.0,0.0
owe,0.0,0.0,0.0
own,0.0,0.0,0.0
oxid,0.0,0.0,0.0
oz,0.0,0.0,0.0
ozzi,0.0,0.0,0.0
pa,0.0,0.0,0.0
pablo,0.0,0.0,0.0
pack,0.0,0.0,0.0
packag,0.0,0.0,0.0
packet,0.0,0.0,0.0
pad,0.0,0.0,0.0
page,0.0,0.0,0.0
paid,0.0,0.0,0.0
pain,0.0,0.0,0.0
painless,0.0,0.0,0.0
paint,0.0,0.0,0.0
pair,0.0,0.0,0.0
pakc,0.0,0.0,0.0
pali,0.0,0.0,0.0
palm,0.0,0.0,0.0
pan,0.0,0.0,0.0
panason,0.0,0.0,0.0
panhandl,0.0,0.0,0.0
panic,0.0,0.0,0.0
pantyhos,0.0,0.0,0.0
papoos,0.0,0.0,0.0
para,0.0,0.0,0.0
paradox,0.0,0.0,0.0
parallel,0.0,0.0,0.0
parametr,0.0,0.0,0.0
paramount,0.0,0.0,0.0
park,0.0,0.0,0.0
parkway,0.0,0.0,0.0
parlor,0.0,0.0,0.0
part,0.0,0.0,0.0
parti,0.0,0.0,0.0
partial,0.0,0.0,0.0
particular,0.0,0.0,0.0
pass,0.0,0.0,0.0
passag,0.0,0.0,0.0
passiv,0.0,0.0,0.0
past,0.0,0.0,0.0
patch,0.0,0.0,0.0
patent,0.0,0.0,0.0
patient,0.0,0.0,0.0
patriot,0.0,0.0,0.0
pattern,0.0,0.0,0.0
paua,0.0,0.0,0.0
paul,0.0,0.0,0.0
pay,0.0,0.0,0.0
pc,0.0,0.0,0.0
pdf,0.0,0.0,0.0
peak,0.0,0.0,0.0
peaki,0.0,0.0,0.0
pear,0.0,0.0,0.0
pearl,0.0,0.0,0.0
peas,0.0,0.0,0.0
peasi,0.0,0.0,0.0
peavey,0.0,0.0,0.0
peavi,0.0,0.0,0.0
pedal,0.0,0.0,0.0
pedalboard,0.0,0.0,0.0
pedaltrain,0.0,0.0,0.0
peddl,0.0,0.0,0.0
peg,0.0,0.0,0.0
pen,0.0,0.0,0.0
pend,0.0,0.0,0.0
pendulum,0.0,0.0,0.0
penn,0.0,0.0,0.0
peral,0.0,0.0,0.0
perceiv,0.0,0.0,0.0
percuss,0.0,0.0,0.0
perfect,0.0,0.0,0.0
perfectund,0.0,0.0,0.0
perfetc,0.0,0.0,0.0
perfom,0.0,0.0,0.0
perform,0.0,0.0,0.0
perhap,0.0,0.0,0.0
period,0.0,0.0,0.0
perman,0.0,0.0,0.0
permit,0.0,0.0,0.0
perplex,0.0,0.0,0.0
person,0.0,0.0,0.0
perspir,0.0,0.0,0.0
persuad,0.0,0.0,0.0
pertin,0.0,0.0,0.0
pet,0.0,0.0,0.0
petti,0.0,0.0,0.0
phanom,0.0,0.0,0.0
phantom,0.0,0.0,0.0
phaser,0.0,0.0,0.0
phenomen,0.0,0.0,0.0
philharmon,0.0,0.0,0.0
philli,0.0,0.0,0.0
phospher,0.0,0.0,0.0
photo,0.0,0.0,0.0
physic,0.0,0.0,0.0
pianist,0.0,0.0,0.0
piano,0.0,0.0,0.0
pick,0.0,0.0,0.0
pickguard,0.0,0.0,0.0
picki,0.0,0.0,0.0
pickup,0.0,0.0,0.0
pictur,0.0,0.0,0.0
piec,0.0,0.0,0.0
pierc,0.0,0.0,0.0
piezo,0.0,0.0,0.0
pig,0.0,0.0,0.0
piggi,0.0,0.0,0.0
pignos,0.0,0.0,0.0
pillow,0.0,0.0,0.0
pin,0.0,0.0,0.0
pinch,0.0,0.0,0.0
ping,0.0,0.0,0.0
pink,0.0,0.0,0.0
pipe,0.0,0.0,0.0
piss,0.0,0.0,0.0
pistol,0.0,0.0,0.0
pitch,0.0,0.0,0.0
pivot,0.0,0.0,0.0
pixi,0.0,0.0,0.0
pizza,0.0,0.0,0.0
place,0.0,0.0,0.0
placebo,0.0,0.0,0.0
plain,0.0,0.0,0.0
plan,0.0,0.0,0.0
planet,0.0,0.0,0.0
plastic,0.0,0.0,0.0
plasticki,0.0,0.0,0.0
plate,0.0,0.0,0.0
play,0.0,0.0,0.0
playabl,0.0,0.0,0.0
playback,0.0,0.0,0.0
playng,0.0,0.0,0.0
pleas,0.0,0.0,0.0
pleasant,0.0,0.0,0.0
pleasent,0.0,0.0,0.0
plenti,0.0,0.0,0.0
pli,0.0,0.0,0.0
pliabl,0.0,0.0,0.0
plink,0.0,0.0,0.0
plow,0.0,0.0,0.0
pluck,0.0,0.0,0.0
plug,0.0,0.0,0.0
pluge,0.0,0.0,0.0
plunk,0.0,0.0,0.0
plus,0.0,0.0,0.0
plush,0.0,0.0,0.0
plyabl,0.0,0.0,0.0
plywood,0.0,0.0,0.0
pocket,0.0,0.0,0.0
podcast,0.0,0.0,0.0
point,0.0,0.0,0.0
pointi,0.0,0.0,0.0
poke,0.0,0.0,0.0
polar,0.0,0.0,0.0
pole,0.0,0.0,0.0
poli,0.0,0.0,0.0
polish,0.0,0.0,0.0
polit,0.0,0.0,0.0
polyco,0.0,0.0,0.0
polyweb,0.0,0.0,0.0
poni,0.0,0.0,0.0
pool,0.0,0.0,0.0
poor,0.0,0.0,0.0
pop,0.0,0.0,0.0
popper,0.0,0.0,0.0
popul,0.0,0.0,0.0
popular,0.0,0.0,0.0
porcelain,0.0,0.0,0.0
porous,0.0,0.0,0.0
portabl,0.0,0.0,0.0
posit,0.0,0.0,0.0
possibl,0.0,0.0,0.0
possit,0.0,0.0,0.0
post,0.0,0.0,0.0
postag,0.0,0.0,0.0
pot,0.0,0.0,0.0
potato,0.0,0.0,0.0
potenti,0.0,0.0,0.0
pouch,0.0,0.0,0.0
pound,0.0,0.0,0.0
pour,0.0,0.0,0.0
powder,0.0,0.0,0.0
power,0.0,0.0,0.0
powerful,0.0,0.0,0.0
pr,0.0,0.0,0.0
practic,0.0,0.0,0.0
practis,0.0,0.0,0.0
pragmat,0.0,0.0,0.0
prais,0.0,0.0,0.0
pre,0.0,0.0,0.0
preamp,0.0,0.0,0.0
preced,0.0,0.0,0.0
precious,0.0,0.0,0.0
precis,0.0,0.0,0.0
predict,0.0,0.0,0.0
predomin,0.0,0.0,0.0
prefac,0.0,0.0,0.0
prefer,0.0,0.0,0.0
preferr,0.0,0.0,0.0
preform,0.0,0.0,0.0
preinstal,0.0,0.0,0.0
prematur,0.0,0.0,0.0
premium,0.0,0.0,0.0
prep,0.0,0.0,0.0
prepackag,0.0,0.0,0.0
prepaid,0.0,0.0,0.0
prepar,0.0,0.0,0.0
present,0.0,0.0,0.0
preserv,0.0,0.0,0.0
preset,0.0,0.0,0.0
presonus,0.0,0.0,0.0
press,0.0,0.0,0.0
presum,0.0,0.0,0.0
presuppos,0.0,0.0,0.0
pretend,0.0,0.0,0.0
pretenti,0.0,0.0,0.0
pretti,0.0,0.0,0.0
prettier,0.0,0.0,0.0
prettiest,0.0,0.0,0.0
prevail,0.0,0.0,0.0
prevent,0.0,0.0,0.0
previous,0.0,0.0,0.0
pri,0.0,0.0,0.0
price,0.0,0.0,0.0
priceless,0.0,0.0,0.0
pricey,0.0,0.0,0.0
prici,0.0,0.0,0.0
pricier,0.0,0.0,0.0
primari,0.0,0.0,0.0
primarili,0.0,0.0,0.0
prime,0.0,0.0,0.0
print,0.0,0.0,0.0
prior,0.0,0.0,0.0
pristin,0.0,0.0,0.0
privat,0.0,0.0,0.0
prize,0.0,0.0,0.0
pro,0.0,0.0,0.0
prob,0.0,0.0,0.0
probabl,0.0,0.0,0.0
probbali,0.0,0.0,0.0
problemat,0.0,0.0,0.0
probli,0.0,0.0,0.0
proceed,0.0,0.0,0.0
process,0.0,0.0,0.0
proco,0.0,0.0,0.0
produc,0.0,0.0,0.0
profession,0.0,0.0,0.0
profici,0.0,0.0,0.0
profil,0.0,0.0,0.0
profound,0.0,0.0,0.0
program,0.0,0.0,0.0
progress,0.0,0.0,0.0
project,0.0,0.0,0.0
prolink,0.0,0.0,0.0
prolli,0.0,0.0,0.0
prolong,0.0,0.0,0.0
promin,0.0,0.0,0.0
promis,0.0,0.0,0.0
promot,0.0,0.0,0.0
prompt,0.0,0.0,0.0
prone,0.0,0.0,0.0
pronmis,0.0,0.0,0.0
pronounc,0.0,0.0,0.0
proof,0.0,0.0,0.0
prop,0.0,0.0,0.0
proper,0.0,0.0,0.0
proplem,0.0,0.0,0.0
proprietari,0.0,0.0,0.0
pros,0.0,0.0,0.0
protec,0.0,0.0,0.0
protect,0.0,0.0,0.0
protest,0.0,0.0,0.0
protrud,0.0,0.0,0.0
proud,0.0,0.0,0.0
prove,0.0,0.0,0.0
proven,0.0,0.0,0.0
provid,0.0,0.0,0.0
prs,0.0,0.0,0.0
psc,0.0,0.0,0.0
psul,0.0,0.0,0.0
public,0.0,0.0,0.0
pull,0.0,0.0,0.0
pullerso,0.0,0.0,0.0
puls,0.0,0.0,0.0
pulsat,0.0,0.0,0.0
pump,0.0,0.0,0.0
pumpkin,0.0,0.0,0.0
pun,0.0,0.0,0.0
punch,0.0,0.0,0.0
punchi,0.0,0.0,0.0
punctuat,0.0,0.0,0.0
punk,0.0,0.0,0.0
puppi,0.0,0.0,0.0
pupppi,0.0,0.0,0.0
purchas,0.0,0.0,0.0
pure,0.0,0.0,0.0
purhcas,0.0,0.0,0.0
puriest,0.0,0.0,0.0
purpl,0.0,0.0,0.0
purport,0.0,0.0,0.0
purpos,0.0,0.0,0.0
push,0.0,0.0,0.0
put,0.0,0.0,0.0
pw,0.0,0.0,0.0
pyle,0.0,0.0,0.0
qkb,0.0,0.0,0.0
qu,0.0,0.0,0.0
qualifi,0.0,0.0,0.0
qualiti,0.0,0.0,0.0
quest,0.0,0.0,0.0
question,0.0,0.0,0.0
quibbl,0.0,0.0,0.0
quick,0.0,0.0,0.0
quicker,0.0,0.0,0.0
quickest,0.0,0.0,0.0
quiet,0.0,0.0,0.0
quieter,0.0,0.0,0.0
quietest,0.0,0.0,0.0
quit,0.0,0.0,0.0
rack,0.0,0.0,0.0
rad,0.0,0.0,0.0
radic,0.0,0.0,0.0
radio,0.0,0.0,0.0
radius,0.0,0.0,0.0
rage,0.0,0.0,0.0
ragin,0.0,0.0,0.0
rail,0.0,0.0,0.0
rain,0.0,0.0,0.0
raini,0.0,0.0,0.0
rainsong,0.0,0.0,0.0
rais,0.0,0.0,0.0
ralli,0.0,0.0,0.0
rambuncti,0.0,0.0,0.0
ran,0.0,0.0,0.0
randal,0.0,0.0,0.0
randi,0.0,0.0,0.0
random,0.0,0.0,0.0
rang,0.0,0.0,0.0
rank,0.0,0.0,0.0
rant,0.0,0.0,0.0
rapid,0.0,0.0,0.0
rare,0.0,0.0,0.0
raspcan,0.0,0.0,0.0
raspi,0.0,0.0,0.0
ratchet,0.0,0.0,0.0
rate,0.0,0.0,0.0
rather,0.0,0.0,0.0
ratio,0.0,0.0,0.0
rattl,0.0,0.0,0.0
raunchi,0.0,0.0,0.0
rave,0.0,0.0,0.0
raw,0.0,0.0,0.0
rawhid,0.0,0.0,0.0
raxxess,0.0,0.0,0.0
rca,0.0,0.0,0.0
rd,0.0,0.0,0.0
rde,0.0,0.0,0.0
re,0.0,0.0,0.0
reach,0.0,0.0,0.0
read,0.0,0.0,0.0
readabl,0.0,0.0,0.0
readi,0.0,0.0,0.0
readili,0.0,0.0,0.0
readjust,0.0,0.0,0.0
reajust,0.0,0.0,0.0
real,0.0,0.0,0.0
realis,0.0,0.0,0.0
realist,0.0,0.0,0.0
realit,0.0,0.0,0.0
realiz,0.0,0.0,0.0
realli,0.0,0.0,0.0
reallli,0.0,0.0,0.0
reallysmal,0.0,0.0,0.0
realtiv,0.0,0.0,0.0
ream,0.0,0.0,0.0
reamer,0.0,0.0,0.0
reappli,0.0,0.0,0.0
rear,0.0,0.0,0.0
rearrang,0.0,0.0,0.0
reason,0.0,0.0,0.0
reattach,0.0,0.0,0.0
rebuild,0.0,0.0,0.0
rebuilt,0.0,0.0,0.0
recal,0.0,0.0,0.0
recalibr,0.0,0.0,0.0
reccomend,0.0,0.0,0.0
receiv,0.0,0.0,0.0
recent,0.0,0.0,0.0
receptacl,0.0,0.0,0.0
recess,0.0,0.0,0.0
recharg,0.0,0.0,0.0
reciev,0.0,0.0,0.0
recip,0.0,0.0,0.0
reciv,0.0,0.0,0.0
reckon,0.0,0.0,0.0
reclin,0.0,0.0,0.0
recocmmend,0.0,0.0,0.0
recogn,0.0,0.0,0.0
recom,0.0,0.0,0.0
recomend,0.0,0.0,0.0
recommand,0.0,0.0,0.0
recommend,0.0,0.0,0.0
reconsid,0.0,0.0,0.0
record,0.0,0.0,0.0
recov,0.0,0.0,0.0
recreat,0.0,0.0,0.0
rectifi,0.0,0.0,0.0
recycl,0.0,0.0,0.0
red,0.0,0.0,0.0
redeisign,0.0,0.0,0.0
redesign,0.0,0.0,0.0
redicul,0.0,0.0,0.0
rediscov,0.0,0.0,0.0
redo,0.0,0.0,0.0
redress,0.0,0.0,0.0
reduc,0.0,0.0,0.0
redund,0.0,0.0,0.0
reed,0.0,0.0,0.0
reek,0.0,0.0,0.0
reel,0.0,0.0,0.0
reem,0.0,0.0,0.0
reevalu,0.0,0.0,0.0
refer,0.0,0.0,0.0
refil,0.0,0.0,0.0
reflect,0.0,0.0,0.0
refresh,0.0,0.0,0.0
refurbish,0.0,0.0,0.0
refus,0.0,0.0,0.0
regard,0.0,0.0,0.0
regardless,0.0,0.0,0.0
region,0.0,0.0,0.0
regist,0.0,0.0,0.0
regret,0.0,0.0,0.0
regualr,0.0,0.0,0.0
reguar,0.0,0.0,0.0
regul,0.0,0.0,0.0
regular,0.0,0.0,0.0
regulari,0.0,0.0,0.0
rehash,0.0,0.0,0.0
rehears,0.0,0.0,0.0
rehous,0.0,0.0,0.0
reinforc,0.0,0.0,0.0
reinstal,0.0,0.0,0.0
reissu,0.0,0.0,0.0
reiter,0.0,0.0,0.0
reject,0.0,0.0,0.0
relat,0.0,0.0,0.0
relax,0.0,0.0,0.0
releas,0.0,0.0,0.0
releg,0.0,0.0,0.0
relev,0.0,0.0,0.0
reli,0.0,0.0,0.0
reliabilityw,0.0,0.0,0.0
reliabl,0.0,0.0,0.0
reliablegreat,0.0,0.0,0.0
relic,0.0,0.0,0.0
relief,0.0,0.0,0.0
reluct,0.0,0.0,0.0
remain,0.0,0.0,0.0
remark,0.0,0.0,0.0
remedi,0.0,0.0,0.0
rememb,0.0,0.0,0.0
rememberto,0.0,0.0,0.0
remian,0.0,0.0,0.0
remind,0.0,0.0,0.0
reminisc,0.0,0.0,0.0
remix,0.0,0.0,0.0
remo,0.0,0.0,0.0
remodel,0.0,0.0,0.0
remot,0.0,0.0,0.0
remov,0.0,0.0,0.0
renam,0.0,0.0,0.0
render,0.0,0.0,0.0
rental,0.0,0.0,0.0
reoccur,0.0,0.0,0.0
reommend,0.0,0.0,0.0
reorder,0.0,0.0,0.0
reorgan,0.0,0.0,0.0
repair,0.0,0.0,0.0
repeat,0.0,0.0,0.0
replac,0.0,0.0,0.0
replacememt,0.0,0.0,0.0
replaceth,0.0,0.0,0.0
replenish,0.0,0.0,0.0
replet,0.0,0.0,0.0
repli,0.0,0.0,0.0
replic,0.0,0.0,0.0
report,0.0,0.0,0.0
reposit,0.0,0.0,0.0
repres,0.0,0.0,0.0
reproduc,0.0,0.0,0.0
reproduct,0.0,0.0,0.0
reput,0.0,0.0,0.0
request,0.0,0.0,0.0
requir,0.0,0.0,0.0
reseal,0.0,0.0,0.0
research,0.0,0.0,0.0
resel,0.0,0.0,0.0
resent,0.0,0.0,0.0
reset,0.0,0.0,0.0
resid,0.0,0.0,0.0
residu,0.0,0.0,0.0
resign,0.0,0.0,0.0
resist,0.0,0.0,0.0
resold,0.0,0.0,0.0
resolv,0.0,0.0,0.0
reson,0.0,0.0,0.0
respect,0.0,0.0,0.0
respond,0.0,0.0,0.0
respons,0.0,0.0,0.0
respos,0.0,0.0,0.0
rest,0.0,0.0,0.0
restart,0.0,0.0,0.0
restor,0.0,0.0,0.0
restr,0.0,0.0,0.0
restrict,0.0,0.0,0.0
restring,0.0,0.0,0.0
restrung,0.0,0.0,0.0
restsin,0.0,0.0,0.0
result,0.0,0.0,0.0
retail,0.0,0.0,0.0
retain,0.0,0.0,0.0
rethink,0.0,0.0,0.0
retighten,0.0,0.0,0.0
retir,0.0,0.0,0.0
retract,0.0,0.0,0.0
retro,0.0,0.0,0.0
retrofit,0.0,0.0,0.0
retun,0.0,0.0,0.0
return,0.0,0.0,0.0
reusabl,0.0,0.0,0.0
reveal,0.0,0.0,0.0
reveiw,0.0,0.0,0.0
reverb,0.0,0.0,0.0
revers,0.0,0.0,0.0
reviber,0.0,0.0,0.0
review,0.0,0.0,0.0
revis,0.0,0.0,0.0
revolv,0.0,0.0,0.0
reward,0.0,0.0,0.0
rewir,0.0,0.0,0.0
rex,0.0,0.0,0.0
rf,0.0,0.0,0.0
rhoad,0.0,0.0,0.0
rhythm,0.0,0.0,0.0
rich,0.0,0.0,0.0
richer,0.0,0.0,0.0
rick,0.0,0.0,0.0
rid,0.0,0.0,0.0
ride,0.0,0.0,0.0
ridicul,0.0,0.0,0.0
riff,0.0,0.0,0.0
rig,0.0,0.0,0.0
right,0.0,0.0,0.0
righteous,0.0,0.0,0.0
rigid,0.0,0.0,0.0
ring,0.0,0.0,0.0
rins,0.0,0.0,0.0
rip,0.0,0.0,0.0
rise,0.0,0.0,0.0
risk,0.0,0.0,0.0
riski,0.0,0.0,0.0
rival,0.0,0.0,0.0
roadshow,0.0,0.0,0.0
roar,0.0,0.0,0.0
rob,0.0,0.0,0.0
robust,0.0,0.0,0.0
rock,0.0,0.0,0.0
rockabilli,0.0,0.0,0.0
rockband,0.0,0.0,0.0
rocket,0.0,0.0,0.0
rockin,0.0,0.0,0.0
rocksmith,0.0,0.0,0.0
rocksteadi,0.0,0.0,0.0
rod,0.0,0.0,0.0
rode,0.0,0.0,0.0
roland,0.0,0.0,0.0
rolandroland,0.0,0.0,0.0
roll,0.0,0.0,0.0
roomi,0.0,0.0,0.0
rope,0.0,0.0,0.0
rose,0.0,0.0,0.0
rosin,0.0,0.0,0.0
roswel,0.0,0.0,0.0
rot,0.0,0.0,0.0
rotari,0.0,0.0,0.0
rotat,0.0,0.0,0.0
rough,0.0,0.0,0.0
rougher,0.0,0.0,0.0
round,0.0,0.0,0.0
rounder,0.0,0.0,0.0
rout,0.0,0.0,0.0
routin,0.0,0.0,0.0
rpu,0.0,0.0,0.0
rub,0.0,0.0,0.0
rubber,0.0,0.0,0.0
rubberi,0.0,0.0,0.0
rug,0.0,0.0,0.0
ruin,0.0,0.0,0.0
rule,0.0,0.0,0.0
rumbl,0.0,0.0,0.0
run,0.0,0.0,0.0
runaway,0.0,0.0,0.0
rush,0.0,0.0,0.0
russian,0.0,0.0,0.0
rust,0.0,0.0,0.0
rusti,0.0,0.0,0.0
rustic,0.0,0.0,0.0
rythm,0.0,0.0,0.0
sabbath,0.0,0.0,0.0
sabian,0.0,0.0,0.0
sacrif,0.0,0.0,0.0
sacrific,0.0,0.0,0.0
sad,0.0,0.0,0.0
saddl,0.0,0.0,0.0
safe,0.0,0.0,0.0
safer,0.0,0.0,0.0
safest,0.0,0.0,0.0
sag,0.0,0.0,0.0
said,0.0,0.0,0.0
salesman,0.0,0.0,0.0
sam,0.0,0.0,0.0
samashmus,0.0,0.0,0.0
same,0.0,0.0,0.0
sampl,0.0,0.0,0.0
samson,0.0,0.0,0.0
sanction,0.0,0.0,0.0
sanctuari,0.0,0.0,0.0
sand,0.0,0.0,0.0
sandi,0.0,0.0,0.0
sandpap,0.0,0.0,0.0
sandwich,0.0,0.0,0.0
sansamp,0.0,0.0,0.0
sap,0.0,0.0,0.0
sas,0.0,0.0,0.0
sat,0.0,0.0,0.0
satifi,0.0,0.0,0.0
satin,0.0,0.0,0.0
satisfactori,0.0,0.0,0.0
satisfatori,0.0,0.0,0.0
satisfi,0.0,0.0,0.0
satur,0.0,0.0,0.0
saturday,0.0,0.0,0.0
save,0.0,0.0,0.0
saver,0.0,0.0,0.0
saw,0.0,0.0,0.0
sax,0.0,0.0,0.0
say,0.0,0.0,0.0
scale,0.0,0.0,0.0
scalp,0.0,0.0,0.0
scam,0.0,0.0,0.0
scare,0.0,0.0,0.0
scari,0.0,0.0,0.0
scarlett,0.0,0.0,0.0
scaveng,0.0,0.0,0.0
scent,0.0,0.0,0.0
schaller,0.0,0.0,0.0
schecter,0.0,0.0,0.0
schedul,0.0,0.0,0.0
schemat,0.0,0.0,0.0
schlepp,0.0,0.0,0.0
school,0.0,0.0,0.0
schredd,0.0,0.0,0.0
schubb,0.0,0.0,0.0
scoff,0.0,0.0,0.0
scoop,0.0,0.0,0.0
scope,0.0,0.0,0.0
score,0.0,0.0,0.0
scotland,0.0,0.0,0.0
scour,0.0,0.0,0.0
scrape,0.0,0.0,0.0
scratch,0.0,0.0,0.0
scratchi,0.0,0.0,0.0
scratchier,0.0,0.0,0.0
scream,0.0,0.0,0.0
screamer,0.0,0.0,0.0
screen,0.0,0.0,0.0
screw,0.0,0.0,0.0
screwdiriv,0.0,0.0,0.0
screwdriv,0.0,0.0,0.0
scroug,0.0,0.0,0.0
scrub,0.0,0.0,0.0
scrunch,0.0,0.0,0.0
scuf,0.0,0.0,0.0
sculpt,0.0,0.0,0.0
seagul,0.0,0.0,0.0
seal,0.0,0.0,0.0
seam,0.0,0.0,0.0
seamless,0.0,0.0,0.0
sear,0.0,0.0,0.0
search,0.0,0.0,0.0
seasick,0.0,0.0,0.0
season,0.0,0.0,0.0
seat,0.0,0.0,0.0
second,0.0,0.0,0.0
secondari,0.0,0.0,0.0
secret,0.0,0.0,0.0
secur,0.0,0.0,0.0
see,0.0,0.0,0.0
seeabl,0.0,0.0,0.0
seek,0.0,0.0,0.0
seem,0.0,0.0,0.0
seen,0.0,0.0,0.0
seenadi,0.0,0.0,0.0
seldom,0.0,0.0,0.0
select,0.0,0.0,0.0
self,0.0,0.0,0.0
sell,0.0,0.0,0.0
semi,0.0,0.0,0.0
send,0.0,0.0,0.0
sennheis,0.0,0.0,0.0
sens,0.0,0.0,0.0
sensibl,0.0,0.0,0.0
sensit,0.0,0.0,0.0
sensori,0.0,0.0,0.0
sent,0.0,0.0,0.0
separ,0.0,0.0,0.0
serious,0.0,0.0,0.0
seriousded,0.0,0.0,0.0
serv,0.0,0.0,0.0
servic,0.0,0.0,0.0
ses,0.0,0.0,0.0
set,0.0,0.0,0.0
settl,0.0,0.0,0.0
setup,0.0,0.0,0.0
seventh,0.0,0.0,0.0
sever,0.0,0.0,0.0
sew,0.0,0.0,0.0
sewn,0.0,0.0,0.0
sexi,0.0,0.0,0.0
seymour,0.0,0.0,0.0
sg,0.0,0.0,0.0
sgs,0.0,0.0,0.0
shabbi,0.0,0.0,0.0
shade,0.0,0.0,0.0
shadowfw,0.0,0.0,0.0
shaft,0.0,0.0,0.0
shake,0.0,0.0,0.0
shaken,0.0,0.0,0.0
shakey,0.0,0.0,0.0
shaki,0.0,0.0,0.0
shaller,0.0,0.0,0.0
shallow,0.0,0.0,0.0
shame,0.0,0.0,0.0
shape,0.0,0.0,0.0
sharp,0.0,0.0,0.0
sharpen,0.0,0.0,0.0
sharper,0.0,0.0,0.0
shatter,0.0,0.0,0.0
shear,0.0,0.0,0.0
sheath,0.0,0.0,0.0
shed,0.0,0.0,0.0
sheep,0.0,0.0,0.0
sheer,0.0,0.0,0.0
shell,0.0,0.0,0.0
sherman,0.0,0.0,0.0
shi,0.0,0.0,0.0
shield,0.0,0.0,0.0
shift,0.0,0.0,0.0
shiip,0.0,0.0,0.0
shim,0.0,0.0,0.0
shimmer,0.0,0.0,0.0
shimmi,0.0,0.0,0.0
shine,0.0,0.0,0.0
shini,0.0,0.0,0.0
shinier,0.0,0.0,0.0
ship,0.0,0.0,0.0
shipment,0.0,0.0,0.0
shirt,0.0,0.0,0.0
shit,0.0,0.0,0.0
shitti,0.0,0.0,0.0
shock,0.0,0.0,0.0
shockmount,0.0,0.0,0.0
shoddi,0.0,0.0,0.0
shop,0.0,0.0,0.0
shore,0.0,0.0,0.0
short,0.0,0.0,0.0
shortcom,0.0,0.0,0.0
shorten,0.0,0.0,0.0
shorter,0.0,0.0,0.0
shortest,0.0,0.0,0.0
shot,0.0,0.0,0.0
shotgun,0.0,0.0,0.0
shoulder,0.0,0.0,0.0
shouldnt,0.0,0.0,0.0
shout,0.0,0.0,0.0
shove,0.0,0.0,0.0
show,0.0,0.0,0.0
showcas,0.0,0.0,0.0
shower,0.0,0.0,0.0
shown,0.0,0.0,0.0
shred,0.0,0.0,0.0
shrill,0.0,0.0,0.0
shrink,0.0,0.0,0.0
shrug,0.0,0.0,0.0
shrunk,0.0,0.0,0.0
shubb,0.0,0.0,0.0
shure,0.0,0.0,0.0
shut,0.0,0.0,0.0
si,0.0,0.0,0.0
sibil,0.0,0.0,0.0
sibl,0.0,0.0,0.0
sick,0.0,0.0,0.0
side,0.0,0.0,0.0
sideway,0.0,0.0,0.0
sienna,0.0,0.0,0.0
siganl,0.0,0.0,0.0
sigh,0.0,0.0,0.0
sight,0.0,0.0,0.0
sign,0.0,0.0,0.0
signal,0.0,0.0,0.0
signific,0.0,0.0,0.0
silent,0.0,0.0,0.0
silicon,0.0,0.0,0.0
siliconish,0.0,0.0,0.0
silk,0.0,0.0,0.0
silki,0.0,0.0,0.0
silli,0.0,0.0,0.0
silver,0.0,0.0,0.0
sim,0.0,0.0,0.0
similar,0.0,0.0,0.0
siml,0.0,0.0,0.0
simpl,0.0,0.0,0.0
simpler,0.0,0.0,0.0
simplest,0.0,0.0,0.0
simpli,0.0,0.0,0.0
simplifi,0.0,0.0,0.0
simul,0.0,0.0,0.0
simultan,0.0,0.0,0.0
sincer,0.0,0.0,0.0
sing,0.0,0.0,0.0
singl,0.0,0.0,0.0
sink,0.0,0.0,0.0
sinuous,0.0,0.0,0.0
sit,0.0,0.0,0.0
size,0.0,0.0,0.0
ska,0.0,0.0,0.0
skb,0.0,0.0,0.0
skeptic,0.0,0.0,0.0
sketchi,0.0,0.0,0.0
skid,0.0,0.0,0.0
skill,0.0,0.0,0.0
skim,0.0,0.0,0.0
skimp,0.0,0.0,0.0
skin,0.0,0.0,0.0
skull,0.0,0.0,0.0
sl,0.0,0.0,0.0
slam,0.0,0.0,0.0
slant,0.0,0.0,0.0
slap,0.0,0.0,0.0
slash,0.0,0.0,0.0
slave,0.0,0.0,0.0
sledg,0.0,0.0,0.0
sleek,0.0,0.0,0.0
sleep,0.0,0.0,0.0
sleev,0.0,0.0,0.0
slice,0.0,0.0,0.0
slick,0.0,0.0,0.0
slid,0.0,0.0,0.0
slide,0.0,0.0,0.0
slider,0.0,0.0,0.0
slighlti,0.0,0.0,0.0
slight,0.0,0.0,0.0
slightest,0.0,0.0,0.0
slim,0.0,0.0,0.0
slimmer,0.0,0.0,0.0
slinder,0.0,0.0,0.0
sling,0.0,0.0,0.0
slinki,0.0,0.0,0.0
slinkier,0.0,0.0,0.0
slip,0.0,0.0,0.0
slipknot,0.0,0.0,0.0
slippag,0.0,0.0,0.0
slipperi,0.0,0.0,0.0
slmost,0.0,0.0,0.0
sloid,0.0,0.0,0.0
sloppi,0.0,0.0,0.0
slot,0.0,0.0,0.0
slow,0.0,0.0,0.0
slowli,0.0,0.0,0.0
sm,0.0,0.0,0.0
small,0.0,0.0,0.0
smaller,0.0,0.0,0.0
smallest,0.0,0.0,0.0
smart,0.0,0.0,0.0
smartest,0.0,0.0,0.0
smash,0.0,0.0,0.0
smb,0.0,0.0,0.0
smear,0.0,0.0,0.0
smell,0.0,0.0,0.0
smile,0.0,0.0,0.0
smith,0.0,0.0,0.0
smlc,0.0,0.0,0.0
smoke,0.0,0.0,0.0
smokey,0.0,0.0,0.0
smoosh,0.0,0.0,0.0
smooth,0.0,0.0,0.0
smoother,0.0,0.0,0.0
smoothest,0.0,0.0,0.0
smoothlycut,0.0,0.0,0.0
smoth,0.0,0.0,0.0
smudg,0.0,0.0,0.0
snag,0.0,0.0,0.0
snake,0.0,0.0,0.0
snap,0.0,0.0,0.0
snappi,0.0,0.0,0.0
snare,0.0,0.0,0.0
snark,0.0,0.0,0.0
snarl,0.0,0.0,0.0
snatch,0.0,0.0,0.0
sneer,0.0,0.0,0.0
snip,0.0,0.0,0.0
snivel,0.0,0.0,0.0
snob,0.0,0.0,0.0
snoop,0.0,0.0,0.0
snowbal,0.0,0.0,0.0
snug,0.0,0.0,0.0
snugg,0.0,0.0,0.0
so,0.0,0.0,0.0
soak,0.0,0.0,0.0
soapbar,0.0,0.0,0.0
sob,0.0,0.0,0.0
soc,0.0,0.0,0.0
soft,0.0,0.0,0.0
soften,0.0,0.0,0.0
softer,0.0,0.0,0.0
sold,0.0,0.0,0.0
solder,0.0,0.0,0.0
soldier,0.0,0.0,0.0
sole,0.0,0.0,0.0
solemn,0.0,0.0,0.0
solid,0.0,0.0,0.0
solidbodi,0.0,0.0,0.0
solo,0.0,0.0,0.0
solv,0.0,0.0,0.0
someday,0.0,0.0,0.0
somehow,0.0,0.0,0.0
sometim,0.0,0.0,0.0
somewhat,0.0,0.0,0.0
somewher,0.0,0.0,0.0
sond,0.0,0.0,0.0
song,0.0,0.0,0.0
songwrit,0.0,0.0,0.0
sonic,0.0,0.0,0.0
soon,0.0,0.0,0.0
sooner,0.0,0.0,0.0
soonest,0.0,0.0,0.0
sooo,0.0,0.0,0.0
soooo,0.0,0.0,0.0
soooooo,0.0,0.0,0.0
soooooooooooooo,0.0,0.0,0.0
sooth,0.0,0.0,0.0
sop,0.0,0.0,0.0
sore,0.0,0.0,0.0
sorri,0.0,0.0,0.0
sort,0.0,0.0,0.0
sorta,0.0,0.0,0.0
soun,0.0,0.0,0.0
sound,0.0,0.0,0.0
soundboard,0.0,0.0,0.0
soundcloud,0.0,0.0,0.0
soundhol,0.0,0.0,0.0
soundinexpens,0.0,0.0,0.0
soundtank,0.0,0.0,0.0
soundth,0.0,0.0,0.0
sour,0.0,0.0,0.0
south,0.0,0.0,0.0
southern,0.0,0.0,0.0
sp,0.0,0.0,0.0
space,0.0,0.0,0.0
spanish,0.0,0.0,0.0
spanki,0.0,0.0,0.0
spare,0.0,0.0,0.0
spark,0.0,0.0,0.0
sparkl,0.0,0.0,0.0
speak,0.0,0.0,0.0
speaker,0.0,0.0,0.0
speakon,0.0,0.0,0.0
spec,0.0,0.0,0.0
special,0.0,0.0,0.0
specif,0.0,0.0,0.0
specifi,0.0,0.0,0.0
spectacular,0.0,0.0,0.0
spectraflex,0.0,0.0,0.0
speech,0.0,0.0,0.0
speed,0.0,0.0,0.0
spend,0.0,0.0,0.0
spendi,0.0,0.0,0.0
spendthrift,0.0,0.0,0.0
spent,0.0,0.0,0.0
sperzel,0.0,0.0,0.0
spill,0.0,0.0,0.0
spin,0.0,0.0,0.0
spiral,0.0,0.0,0.0
spit,0.0,0.0,0.0
splinter,0.0,0.0,0.0
split,0.0,0.0,0.0
splitter,0.0,0.0,0.0
splurg,0.0,0.0,0.0
spo,0.0,0.0,0.0
spoil,0.0,0.0,0.0
spoken,0.0,0.0,0.0
spong,0.0,0.0,0.0
spot,0.0,0.0,0.0
spotti,0.0,0.0,0.0
spray,0.0,0.0,0.0
spread,0.0,0.0,0.0
spring,0.0,0.0,0.0
springi,0.0,0.0,0.0
springtop,0.0,0.0,0.0
sprout,0.0,0.0,0.0
spruce,0.0,0.0,0.0
sq,0.0,0.0,0.0
sqeek,0.0,0.0,0.0
squar,0.0,0.0,0.0
squeak,0.0,0.0,0.0
squeaki,0.0,0.0,0.0
squeakili,0.0,0.0,0.0
squeal,0.0,0.0,0.0
squeez,0.0,0.0,0.0
squier,0.0,0.0,0.0
squir,0.0,0.0,0.0
srm,0.0,0.0,0.0
ss,0.0,0.0,0.0
sssss,0.0,0.0,0.0
st,0.0,0.0,0.0
stab,0.0,0.0,0.0
stabil,0.0,0.0,0.0
stabl,0.0,0.0,0.0
stack,0.0,0.0,0.0
stadi,0.0,0.0,0.0
staedi,0.0,0.0,0.0
stage,0.0,0.0,0.0
stagg,0.0,0.0,0.0
staggeer,0.0,0.0,0.0
stagger,0.0,0.0,0.0
stain,0.0,0.0,0.0
stainless,0.0,0.0,0.0
stale,0.0,0.0,0.0
stalwart,0.0,0.0,0.0
stamp,0.0,0.0,0.0
stand,0.0,0.0,0.0
standard,0.0,0.0,0.0
standerd,0.0,0.0,0.0
stapl,0.0,0.0,0.0
star,0.0,0.0,0.0
stare,0.0,0.0,0.0
starpow,0.0,0.0,0.0
starspro,0.0,0.0,0.0
starsth,0.0,0.0,0.0
start,0.0,0.0,0.0
starter,0.0,0.0,0.0
stash,0.0,0.0,0.0
stat,0.0,0.0,0.0
state,0.0,0.0,0.0
static,0.0,0.0,0.0
stationari,0.0,0.0,0.0
stay,0.0,0.0,0.0
steadi,0.0,0.0,0.0
steadili,0.0,0.0,0.0
steal,0.0,0.0,0.0
stealcompar,0.0,0.0,0.0
stear,0.0,0.0,0.0
steardi,0.0,0.0,0.0
steer,0.0,0.0,0.0
stellar,0.0,0.0,0.0
step,0.0,0.0,0.0
stereo,0.0,0.0,0.0
stereotyp,0.0,0.0,0.0
steril,0.0,0.0,0.0
steve,0.0,0.0,0.0
stewart,0.0,0.0,0.0
stick,0.0,0.0,0.0
sticki,0.0,0.0,0.0
stiff,0.0,0.0,0.0
stiffer,0.0,0.0,0.0
stil,0.0,0.0,0.0
still,0.0,0.0,0.0
sting,0.0,0.0,0.0
stingi,0.0,0.0,0.0
stink,0.0,0.0,0.0
stitch,0.0,0.0,0.0
stock,0.0,0.0,0.0
stoke,0.0,0.0,0.0
stolen,0.0,0.0,0.0
stomp,0.0,0.0,0.0
stompbox,0.0,0.0,0.0
stone,0.0,0.0,0.0
stoner,0.0,0.0,0.0
stood,0.0,0.0,0.0
stoop,0.0,0.0,0.0
stop,0.0,0.0,0.0
stopper,0.0,0.0,0.0
storag,0.0,0.0,0.0
store,0.0,0.0,0.0
stow,0.0,0.0,0.0
stp,0.0,0.0,0.0
straight,0.0,0.0,0.0
straightforward,0.0,0.0,0.0
strain,0.0,0.0,0.0
strang,0.0,0.0,0.0
strap,0.0,0.0,0.0
strapinstead,0.0,0.0,0.0
straplok,0.0,0.0,0.0
strat,0.0,0.0,0.0
stratacoust,0.0,0.0,0.0
stratocast,0.0,0.0,0.0
stratsquier,0.0,0.0,0.0
stray,0.0,0.0,0.0
streak,0.0,0.0,0.0
streamlin,0.0,0.0,0.0
strength,0.0,0.0,0.0
stress,0.0,0.0,0.0
stretch,0.0,0.0,0.0
stretchi,0.0,0.0,0.0
strict,0.0,0.0,0.0
strident,0.0,0.0,0.0
strike,0.0,0.0,0.0
string,0.0,0.0,0.0
stringbend,0.0,0.0,0.0
stringsar,0.0,0.0,0.0
strip,0.0,0.0,0.0
stripe,0.0,0.0,0.0
strong,0.0,0.0,0.0
stronger,0.0,0.0,0.0
struck,0.0,0.0,0.0
structur,0.0,0.0,0.0
struggl,0.0,0.0,0.0
strum,0.0,0.0,0.0
strung,0.0,0.0,0.0
stubborn,0.0,0.0,0.0
stuck,0.0,0.0,0.0
stud,0.0,0.0,0.0
studi,0.0,0.0,0.0
stuff,0.0,0.0,0.0
stuffi,0.0,0.0,0.0
stumbl,0.0,0.0,0.0
stun,0.0,0.0,0.0
stunk,0.0,0.0,0.0
stupid,0.0,0.0,0.0
sturdi,0.0,0.0,0.0
sturdier,0.0,0.0,0.0
sturdiest,0.0,0.0,0.0
sturdili,0.0,0.0,0.0
style,0.0,0.0,0.0
stylish,0.0,0.0,0.0
stylist,0.0,0.0,0.0
styliz,0.0,0.0,0.0
su,0.0,0.0,0.0
sub,0.0,0.0,0.0
subject,0.0,0.0,0.0
sublim,0.0,0.0,0.0
submit,0.0,0.0,0.0
subsequ,0.0,0.0,0.0
substanti,0.0,0.0,0.0
substitut,0.0,0.0,0.0
subtl,0.0,0.0,0.0
subtract,0.0,0.0,0.0
succeed,0.0,0.0,0.0
success,0.0,0.0,0.0
such,0.0,0.0,0.0
suck,0.0,0.0,0.0
sudden,0.0,0.0,0.0
sue,0.0,0.0,0.0
suffer,0.0,0.0,0.0
suffic,0.0,0.0,0.0
suffici,0.0,0.0,0.0
suggest,0.0,0.0,0.0
suicid,0.0,0.0,0.0
suit,0.0,0.0,0.0
suitabl,0.0,0.0,0.0
sulfur,0.0,0.0,0.0
sum,0.0,0.0,0.0
summari,0.0,0.0,0.0
summarili,0.0,0.0,0.0
summaryacoust,0.0,0.0,0.0
sunburst,0.0,0.0,0.0
sunburstelectr,0.0,0.0,0.0
sunday,0.0,0.0,0.0
sung,0.0,0.0,0.0
super,0.0,0.0,0.0
superb,0.0,0.0,0.0
supercardioid,0.0,0.0,0.0
superglu,0.0,0.0,0.0
superior,0.0,0.0,0.0
superstrat,0.0,0.0,0.0
supos,0.0,0.0,0.0
suposs,0.0,0.0,0.0
suppl,0.0,0.0,0.0
supplement,0.0,0.0,0.0
suppli,0.0,0.0,0.0
support,0.0,0.0,0.0
suppos,0.0,0.0,0.0
supris,0.0,0.0,0.0
sure,0.0,0.0,0.0
surf,0.0,0.0,0.0
surfac,0.0,0.0,0.0
surpass,0.0,0.0,0.0
surpris,0.0,0.0,0.0
surround,0.0,0.0,0.0
surviv,0.0,0.0,0.0
suscept,0.0,0.0,0.0
sushi,0.0,0.0,0.0
suspect,0.0,0.0,0.0
suspend,0.0,0.0,0.0
suspici,0.0,0.0,0.0
sustain,0.0,0.0,0.0
sute,0.0,0.0,0.0
svt,0.0,0.0,0.0
swab,0.0,0.0,0.0
swallow,0.0,0.0,0.0
swamp,0.0,0.0,0.0
swap,0.0,0.0,0.0
sway,0.0,0.0,0.0
swear,0.0,0.0,0.0
sweat,0.0,0.0,0.0
sweati,0.0,0.0,0.0
sweatier,0.0,0.0,0.0
sweep,0.0,0.0,0.0
sweepabl,0.0,0.0,0.0
sweet,0.0,0.0,0.0
sweeter,0.0,0.0,0.0
sweetest,0.0,0.0,0.0
swell,0.0,0.0,0.0
swing,0.0,0.0,0.0
swirl,0.0,0.0,0.0
swiss,0.0,0.0,0.0
switch,0.0,0.0,0.0
switchabl,0.0,0.0,0.0
switchless,0.0,0.0,0.0
swivel,0.0,0.0,0.0
swoosh,0.0,0.0,0.0
sx,0.0,0.0,0.0
symmetr,0.0,0.0,0.0
symptom,0.0,0.0,0.0
syndrom,0.0,0.0,0.0
synonym,0.0,0.0,0.0
synth,0.0,0.0,0.0
synthes,0.0,0.0,0.0
synthet,0.0,0.0,0.0
systemand,0.0,0.0,0.0
ta,0.0,0.0,0.0
tab,0.0,0.0,0.0
tabl,0.0,0.0,0.0
tabletop,0.0,0.0,0.0
tacoma,0.0,0.0,0.0
tad,0.0,0.0,0.0
tag,0.0,0.0,0.0
tail,0.0,0.0,0.0
tailor,0.0,0.0,0.0
taint,0.0,0.0,0.0
taiwan,0.0,0.0,0.0
tak,0.0,0.0,0.0
takamin,0.0,0.0,0.0
take,0.0,0.0,0.0
taken,0.0,0.0,0.0
talent,0.0,0.0,0.0
talk,0.0,0.0,0.0
tall,0.0,0.0,0.0
taller,0.0,0.0,0.0
tallest,0.0,0.0,0.0
tame,0.0,0.0,0.0
tan,0.0,0.0,0.0
tangl,0.0,0.0,0.0
tap,0.0,0.0,0.0
tape,0.0,0.0,0.0
taper,0.0,0.0,0.0
tarnish,0.0,0.0,0.0
tascam,0.0,0.0,0.0
tast,0.0,0.0,0.0
taught,0.0,0.0,0.0
taylor,0.0,0.0,0.0
tc,0.0,0.0,0.0
te,0.0,0.0,0.0
teach,0.0,0.0,0.0
teacher,0.0,0.0,0.0
tear,0.0,0.0,0.0
teas,0.0,0.0,0.0
tech,0.0,0.0,0.0
technic,0.0,0.0,0.0
tedious,0.0,0.0,0.0
teen,0.0,0.0,0.0
teenag,0.0,0.0,0.0
teeth,0.0,0.0,0.0
tel,0.0,0.0,0.0
tele,0.0,0.0,0.0
telecoust,0.0,0.0,0.0
telefunken,0.0,0.0,0.0
telescop,0.0,0.0,0.0
tell,0.0,0.0,0.0
telscop,0.0,0.0,0.0
temperament,0.0,0.0,0.0
temperatur,0.0,0.0,0.0
tempo,0.0,0.0,0.0
temporari,0.0,0.0,0.0
tempt,0.0,0.0,0.0
ten,0.0,0.0,0.0
tenaci,0.0,0.0,0.0
tend,0.0,0.0,0.0
tendenc,0.0,0.0,0.0
tenor,0.0,0.0,0.0
tension,0.0,0.0,0.0
termin,0.0,0.0,0.0
terribl,0.0,0.0,0.0
terrif,0.0,0.0,0.0
terrifi,0.0,0.0,0.0
test,0.0,0.0,0.0
tex,0.0,0.0,0.0
textur,0.0,0.0,0.0
th,0.0,0.0,0.0
thank,0.0,0.0,0.0
thanx,0.0,0.0,0.0
that,0.0,0.0,0.0
theater,0.0,0.0,0.0
theblu,0.0,0.0,0.0
thedr,0.0,0.0,0.0
thedunlop,0.0,0.0,0.0
theelixir,0.0,0.0,0.0
thefinish,0.0,0.0,0.0
theguardian,0.0,0.0,0.0
theguitar,0.0,0.0,0.0
their,0.0,0.0,0.0
thekorg,0.0,0.0,0.0
themoen,0.0,0.0,0.0
then,0.0,0.0,0.0
theoret,0.0,0.0,0.0
theori,0.0,0.0,0.0
thepyl,0.0,0.0,0.0
theraput,0.0,0.0,0.0
there,0.0,0.0,0.0
thereaft,0.0,0.0,0.0
therebi,0.0,0.0,0.0
therefor,0.0,0.0,0.0
thereu,0.0,0.0,0.0
therewil,0.0,0.0,0.0
thermonuclear,0.0,0.0,0.0
thermoplast,0.0,0.0,0.0
theseagul,0.0,0.0,0.0
theseism,0.0,0.0,0.0
thew,0.0,0.0,0.0
theydon,0.0,0.0,0.0
theyi,0.0,0.0,0.0
thick,0.0,0.0,0.0
thicken,0.0,0.0,0.0
thicker,0.0,0.0,0.0
thickest,0.0,0.0,0.0
thin,0.0,0.0,0.0
think,0.0,0.0,0.0
thinner,0.0,0.0,0.0
thinnest,0.0,0.0,0.0
third,0.0,0.0,0.0
thirsti,0.0,0.0,0.0
thirteen,0.0,0.0,0.0
thirti,0.0,0.0,0.0
thisgig,0.0,0.0,0.0
thistelescop,0.0,0.0,0.0
tho,0.0,0.0,0.0
thomastik,0.0,0.0,0.0
thoren,0.0,0.0,0.0
thorough,0.0,0.0,0.0
though,0.0,0.0,0.0
thought,0.0,0.0,0.0
thoughtyou,0.0,0.0,0.0
thousand,0.0,0.0,0.0
thr,0.0,0.0,0.0
thrash,0.0,0.0,0.0
thread,0.0,0.0,0.0
threw,0.0,0.0,0.0
thrill,0.0,0.0,0.0
throati,0.0,0.0,0.0
throb,0.0,0.0,0.0
throne,0.0,0.0,0.0
through,0.0,0.0,0.0
throughth,0.0,0.0,0.0
throw,0.0,0.0,0.0
thrown,0.0,0.0,0.0
thru,0.0,0.0,0.0
thumb,0.0,0.0,0.0
thumbnail,0.0,0.0,0.0
thump,0.0,0.0,0.0
thus,0.0,0.0,0.0
tie,0.0,0.0,0.0
tight,0.0,0.0,0.0
tighten,0.0,0.0,0.0
tighter,0.0,0.0,0.0
til,0.0,0.0,0.0
till,0.0,0.0,0.0
tilt,0.0,0.0,0.0
tiltback,0.0,0.0,0.0
time,0.0,0.0,0.0
ting,0.0,0.0,0.0
tingl,0.0,0.0,0.0
tini,0.0,0.0,0.0
tinker,0.0,0.0,0.0
tinney,0.0,0.0,0.0
tinni,0.0,0.0,0.0
tip,0.0,0.0,0.0
tippi,0.0,0.0,0.0
tire,0.0,0.0,0.0
tiresom,0.0,0.0,0.0
tis,0.0,0.0,0.0
toast,0.0,0.0,0.0
toat,0.0,0.0,0.0
toe,0.0,0.0,0.0
togeth,0.0,0.0,0.0
toggl,0.0,0.0,0.0
token,0.0,0.0,0.0
told,0.0,0.0,0.0
toler,0.0,0.0,0.0
tom,0.0,0.0,0.0
ton,0.0,0.0,0.0
tonal,0.0,0.0,0.0
tone,0.0,0.0,0.0
tonight,0.0,0.0,0.0
too,0.0,0.0,0.0
took,0.0,0.0,0.0
tool,0.0,0.0,0.0
toontrack,0.0,0.0,0.0
toooo,0.0,0.0,0.0
tooth,0.0,0.0,0.0
toothpick,0.0,0.0,0.0
top,0.0,0.0,0.0
toppi,0.0,0.0,0.0
toppl,0.0,0.0,0.0
tore,0.0,0.0,0.0
torn,0.0,0.0,0.0
torqu,0.0,0.0,0.0
tortex,0.0,0.0,0.0
tortur,0.0,0.0,0.0
toshiba,0.0,0.0,0.0
toss,0.0,0.0,0.0
total,0.0,0.0,0.0
totex,0.0,0.0,0.0
tottal,0.0,0.0,0.0
touch,0.0,0.0,0.0
tough,0.0,0.0,0.0
tougher,0.0,0.0,0.0
tour,0.0,0.0,0.0
tout,0.0,0.0,0.0
toxic,0.0,0.0,0.0
toy,0.0,0.0,0.0
toyour,0.0,0.0,0.0
tp,0.0,0.0,0.0
trace,0.0,0.0,0.0
track,0.0,0.0,0.0
trackabl,0.0,0.0,0.0
trad,0.0,0.0,0.0
trade,0.0,0.0,0.0
tradit,0.0,0.0,0.0
train,0.0,0.0,0.0
transfer,0.0,0.0,0.0
transform,0.0,0.0,0.0
transit,0.0,0.0,0.0
translat,0.0,0.0,0.0
transluc,0.0,0.0,0.0
transmit,0.0,0.0,0.0
transpar,0.0,0.0,0.0
transport,0.0,0.0,0.0
trap,0.0,0.0,0.0
trash,0.0,0.0,0.0
trashi,0.0,0.0,0.0
travel,0.0,0.0,0.0
travlit,0.0,0.0,0.0
tread,0.0,0.0,0.0
treasur,0.0,0.0,0.0
treat,0.0,0.0,0.0
trebl,0.0,0.0,0.0
trebli,0.0,0.0,0.0
tree,0.0,0.0,0.0
trembl,0.0,0.0,0.0
tremelo,0.0,0.0,0.0
tremend,0.0,0.0,0.0
tremolo,0.0,0.0,0.0
tremonti,0.0,0.0,0.0
trendi,0.0,0.0,0.0
tri,0.0,0.0,0.0
triangular,0.0,0.0,0.0
tric,0.0,0.0,0.0
trick,0.0,0.0,0.0
tricki,0.0,0.0,0.0
trifl,0.0,0.0,0.0
trigger,0.0,0.0,0.0
trim,0.0,0.0,0.0
trip,0.0,0.0,0.0
tripl,0.0,0.0,0.0
tripod,0.0,0.0,0.0
trippi,0.0,0.0,0.0
trivial,0.0,0.0,0.0
troubleshoot,0.0,0.0,0.0
trplug,0.0,0.0,0.0
trs,0.0,0.0,0.0
true,0.0,0.0,0.0
trueli,0.0,0.0,0.0
truest,0.0,0.0,0.0
truley,0.0,0.0,0.0
truli,0.0,0.0,0.0
trumpet,0.0,0.0,0.0
truncat,0.0,0.0,0.0
truss,0.0,0.0,0.0
trust,0.0,0.0,0.0
trusti,0.0,0.0,0.0
tryth,0.0,0.0,0.0
ts,0.0,0.0,0.0
tu,0.0,0.0,0.0
tubbi,0.0,0.0,0.0
tube,0.0,0.0,0.0
tubescream,0.0,0.0,0.0
tubular,0.0,0.0,0.0
tuck,0.0,0.0,0.0
tug,0.0,0.0,0.0
tunamat,0.0,0.0,0.0
tune,0.0,0.0,0.0
tuner,0.0,0.0,0.0
turn,0.0,0.0,0.0
turntabl,0.0,0.0,0.0
turser,0.0,0.0,0.0
turtl,0.0,0.0,0.0
tuse,0.0,0.0,0.0
tusq,0.0,0.0,0.0
tutori,0.0,0.0,0.0
twangi,0.0,0.0,0.0
tweak,0.0,0.0,0.0
tweakabl,0.0,0.0,0.0
tweed,0.0,0.0,0.0
tweek,0.0,0.0,0.0
twelv,0.0,0.0,0.0
twenti,0.0,0.0,0.0
twice,0.0,0.0,0.0
twiddl,0.0,0.0,0.0
twin,0.0,0.0,0.0
twist,0.0,0.0,0.0
type,0.0,0.0,0.0
typic,0.0,0.0,0.0
ua,0.0,0.0,0.0
ub,0.0,0.0,0.0
uber,0.0,0.0,0.0
ubiquit,0.0,0.0,0.0
uca,0.0,0.0,0.0
ucg,0.0,0.0,0.0
ugli,0.0,0.0,0.0
uh,0.0,0.0,0.0
uhf,0.0,0.0,0.0
uke,0.0,0.0,0.0
ukelel,0.0,0.0,0.0
ukulel,0.0,0.0,0.0
ultex,0.0,0.0,0.0
ultim,0.0,0.0,0.0
ultra,0.0,0.0,0.0
ultracoust,0.0,0.0,0.0
ultraglid,0.0,0.0,0.0
um,0.0,0.0,0.0
un,0.0,0.0,0.0
unabl,0.0,0.0,0.0
unaccept,0.0,0.0,0.0
unansw,0.0,0.0,0.0
unattract,0.0,0.0,0.0
unavail,0.0,0.0,0.0
unbal,0.0,0.0,0.0
unbalanc,0.0,0.0,0.0
unbear,0.0,0.0,0.0
unbeat,0.0,0.0,0.0
unbeliev,0.0,0.0,0.0
unbias,0.0,0.0,0.0
unbox,0.0,0.0,0.0
uncl,0.0,0.0,0.0
unclean,0.0,0.0,0.0
unclip,0.0,0.0,0.0
unclutt,0.0,0.0,0.0
uncoat,0.0,0.0,0.0
uncolor,0.0,0.0,0.0
uncomfort,0.0,0.0,0.0
uncondit,0.0,0.0,0.0
unconvent,0.0,0.0,0.0
uncut,0.0,0.0,0.0
undefin,0.0,0.0,0.0
undergon,0.0,0.0,0.0
underground,0.0,0.0,0.0
underneath,0.0,0.0,0.0
undersaddl,0.0,0.0,0.0
undersid,0.0,0.0,0.0
understand,0.0,0.0,0.0
understat,0.0,0.0,0.0
understood,0.0,0.0,0.0
underwear,0.0,0.0,0.0
undesir,0.0,0.0,0.0
undisput,0.0,0.0,0.0
undo,0.0,0.0,0.0
undu,0.0,0.0,0.0
une,0.0,0.0,0.0
uneven,0.0,0.0,0.0
unexpect,0.0,0.0,0.0
unfair,0.0,0.0,0.0
unfamiliar,0.0,0.0,0.0
unfavor,0.0,0.0,0.0
unfinish,0.0,0.0,0.0
unfit,0.0,0.0,0.0
unfold,0.0,0.0,0.0
unfortun,0.0,0.0,0.0
unfound,0.0,0.0,0.0
unhappi,0.0,0.0,0.0
unhind,0.0,0.0,0.0
unhook,0.0,0.0,0.0
uni,0.0,0.0,0.0
unidyn,0.0,0.0,0.0
unifi,0.0,0.0,0.0
uniform,0.0,0.0,0.0
unimped,0.0,0.0,0.0
unimpress,0.0,0.0,0.0
uninspir,0.0,0.0,0.0
unintend,0.0,0.0,0.0
unintent,0.0,0.0,0.0
uniqu,0.0,0.0,0.0
uniti,0.0,0.0,0.0
univer,0.0,0.0,0.0
univers,0.0,0.0,0.0
univib,0.0,0.0,0.0
unknown,0.0,0.0,0.0
unlatch,0.0,0.0,0.0
unlik,0.0,0.0,0.0
unlimit,0.0,0.0,0.0
unload,0.0,0.0,0.0
unlock,0.0,0.0,0.0
unlucki,0.0,0.0,0.0
unmatch,0.0,0.0,0.0
unmeasur,0.0,0.0,0.0
unmistak,0.0,0.0,0.0
unmix,0.0,0.0,0.0
unmus,0.0,0.0,0.0
unnatur,0.0,0.0,0.0
unnecessari,0.0,0.0,0.0
unnecessarili,0.0,0.0,0.0
unnerv,0.0,0.0,0.0
unobtrus,0.0,0.0,0.0
unobvi,0.0,0.0,0.0
unopen,0.0,0.0,0.0
unorthodox,0.0,0.0,0.0
unot,0.0,0.0,0.0
unpack,0.0,0.0,0.0
unparallel,0.0,0.0,0.0
unplay,0.0,0.0,0.0
unpleas,0.0,0.0,0.0
unplug,0.0,0.0,0.0
unquestion,0.0,0.0,0.0
unreach,0.0,0.0,0.0
unreason,0.0,0.0,0.0
unrol,0.0,0.0,0.0
unsatisfactori,0.0,0.0,0.0
unsatisfi,0.0,0.0,0.0
unscrew,0.0,0.0,0.0
unshield,0.0,0.0,0.0
unsnap,0.0,0.0,0.0
unstabl,0.0,0.0,0.0
unsur,0.0,0.0,0.0
untemp,0.0,0.0,0.0
unthink,0.0,0.0,0.0
untim,0.0,0.0,0.0
unto,0.0,0.0,0.0
untouch,0.0,0.0,0.0
untreat,0.0,0.0,0.0
unus,0.0,0.0,0.0
unusu,0.0,0.0,0.0
unventil,0.0,0.0,0.0
unwant,0.0,0.0,0.0
unwieldi,0.0,0.0,0.0
unwil,0.0,0.0,0.0
unwind,0.0,0.0,0.0
unwrap,0.0,0.0,0.0
unzip,0.0,0.0,0.0
up,0.0,0.0,0.0
updat,0.0,0.0,0.0
upfront,0.0,0.0,0.0
upgrad,0.0,0.0,0.0
uphil,0.0,0.0,0.0
uphook,0.0,0.0,0.0
upload,0.0,0.0,0.0
upper,0.0,0.0,0.0
upright,0.0,0.0,0.0
upscal,0.0,0.0,0.0
upset,0.0,0.0,0.0
upsid,0.0,0.0,0.0
ur,0.0,0.0,0.0
urg,0.0,0.0,0.0
usa,0.0,0.0,0.0
usabl,0.0,0.0,0.0
usag,0.0,0.0,0.0
usb,0.0,0.0,0.0
usd,0.0,0.0,0.0
use,0.0,0.0,0.0
useabl,0.0,0.0,0.0
usebehring,0.0,0.0,0.0
usedunlop,0.0,0.0,0.0
useful,0.0,0.0,0.0
usegreat,0.0,0.0,0.0
useless,0.0,0.0,0.0
user,0.0,0.0,0.0
uses,0.0,0.0,0.0
using,0.0,0.0,0.0
usingstr,0.0,0.0,0.0
usual,0.0,0.0,0.0
utf,0.0,0.0,0.0
util,0.0,0.0,0.0
utmost,0.0,0.0,0.0
utter,0.0,0.0,0.0
vagu,0.0,0.0,0.0
valid,0.0,0.0,0.0
valu,0.0,0.0,0.0
valuabl,0.0,0.0,0.0
valvek,0.0,0.0,0.0
vari,0.0,0.0,0.0
variabl,0.0,0.0,0.0
various,0.0,0.0,0.0
vast,0.0,0.0,0.0
velcro,0.0,0.0,0.0
velveteen,0.0,0.0,0.0
vent,0.0,0.0,0.0
ventur,0.0,0.0,0.0
venu,0.0,0.0,0.0
verbal,0.0,0.0,0.0
veri,0.0,0.0,0.0
verifi,0.0,0.0,0.0
vers,0.0,0.0,0.0
versa,0.0,0.0,0.0
versatil,0.0,0.0,0.0
versus,0.0,0.0,0.0
vertic,0.0,0.0,0.0
veteran,0.0,0.0,0.0
vhf,0.0,0.0,0.0
vht,0.0,0.0,0.0
viabl,0.0,0.0,0.0
vibe,0.0,0.0,0.0
vibrant,0.0,0.0,0.0
vibrat,0.0,0.0,0.0
vibrato,0.0,0.0,0.0
vic,0.0,0.0,0.0
video,0.0,0.0,0.0
view,0.0,0.0,0.0
viewabl,0.0,0.0,0.0
vigor,0.0,0.0,0.0
vintag,0.0,0.0,0.0
vinyl,0.0,0.0,0.0
viola,0.0,0.0,0.0
violin,0.0,0.0,0.0
vip,0.0,0.0,0.0
virginia,0.0,0.0,0.0
virtual,0.0,0.0,0.0
visabl,0.0,0.0,0.0
visibl,0.0,0.0,0.0
visit,0.0,0.0,0.0
vista,0.0,0.0,0.0
visual,0.0,0.0,0.0
vital,0.0,0.0,0.0
viz,0.0,0.0,0.0
vizio,0.0,0.0,0.0
vlz,0.0,0.0,0.0
vocal,0.0,0.0,0.0
volt,0.0,0.0,0.0
voltag,0.0,0.0,0.0
vote,0.0,0.0,0.0
vox,0.0,0.0,0.0
vs,0.0,0.0,0.0
vt,0.0,0.0,0.0
vtb,0.0,0.0,0.0
vulner,0.0,0.0,0.0
waa,0.0,0.0,0.0
wabl,0.0,0.0,0.0
wack,0.0,0.0,0.0
wacki,0.0,0.0,0.0
wah,0.0,0.0,0.0
wail,0.0,0.0,0.0
wait,0.0,0.0,0.0
wake,0.0,0.0,0.0
wal,0.0,0.0,0.0
walk,0.0,0.0,0.0
walkman,0.0,0.0,0.0
wall,0.0,0.0,0.0
walli,0.0,0.0,0.0
wan,0.0,0.0,0.0
wander,0.0,0.0,0.0
wannab,0.0,0.0,0.0
want,0.0,0.0,0.0
wantto,0.0,0.0,0.0
warbl,0.0,0.0,0.0
wari,0.0,0.0,0.0
warm,0.0,0.0,0.0
warmer,0.0,0.0,0.0
warmoth,0.0,0.0,0.0
warmth,0.0,0.0,0.0
warn,0.0,0.0,0.0
warp,0.0,0.0,0.0
warrant,0.0,0.0,0.0
warranti,0.0,0.0,0.0
wart,0.0,0.0,0.0
was,0.0,0.0,0.0
wash,0.0,0.0,0.0
washabl,0.0,0.0,0.0
washburn,0.0,0.0,0.0
washer,0.0,0.0,0.0
wasnt,0.0,0.0,0.0
wast,0.0,0.0,0.0
wat,0.0,0.0,0.0
watch,0.0,0.0,0.0
watt,0.0,0.0,0.0
wave,0.0,0.0,0.0
waver,0.0,0.0,0.0
wax,0.0,0.0,0.0
waxi,0.0,0.0,0.0
wayu,0.0,0.0,0.0
wayyy,0.0,0.0,0.0
weak,0.0,0.0,0.0
weaken,0.0,0.0,0.0
weaker,0.0,0.0,0.0
weakest,0.0,0.0,0.0
wealthi,0.0,0.0,0.0
wear,0.0,0.0,0.0
weather,0.0,0.0,0.0
web,0.0,0.0,0.0
weber,0.0,0.0,0.0
websit,0.0,0.0,0.0
wedg,0.0,0.0,0.0
wee,0.0,0.0,0.0
weeeeellllll,0.0,0.0,0.0
week,0.0,0.0,0.0
weep,0.0,0.0,0.0
wegan,0.0,0.0,0.0
weigh,0.0,0.0,0.0
weight,0.0,0.0,0.0
weighti,0.0,0.0,0.0
weird,0.0,0.0,0.0
welcom,0.0,0.0,0.0
weld,0.0,0.0,0.0
well,0.0,0.0,0.0
went,0.0,0.0,0.0
were,0.0,0.0,0.0
wes,0.0,0.0,0.0
west,0.0,0.0,0.0
western,0.0,0.0,0.0
wet,0.0,0.0,0.0
wg,0.0,0.0,0.0
wha,0.0,0.0,0.0
whack,0.0,0.0,0.0
whammi,0.0,0.0,0.0
whamo,0.0,0.0,0.0
whatev,0.0,0.0,0.0
whatnot,0.0,0.0,0.0
whatsoev,0.0,0.0,0.0
wherev,0.0,0.0,0.0
whill,0.0,0.0,0.0
whilst,0.0,0.0,0.0
whimsic,0.0,0.0,0.0
whine,0.0,0.0,0.0
whisper,0.0,0.0,0.0
white,0.0,0.0,0.0
whoaaah,0.0,0.0,0.0
whole,0.0,0.0,0.0
wholeheart,0.0,0.0,0.0
wholli,0.0,0.0,0.0
wi,0.0,0.0,0.0
wide,0.0,0.0,0.0
wider,0.0,0.0,0.0
widest,0.0,0.0,0.0
width,0.0,0.0,0.0
wiggl,0.0,0.0,0.0
wild,0.0,0.0,0.0
wilkinson,0.0,0.0,0.0
will,0.0,0.0,0.0
willpay,0.0,0.0,0.0
wimpi,0.0,0.0,0.0
win,0.0,0.0,0.0
wind,0.0,0.0,0.0
winder,0.0,0.0,0.0
windscreen,0.0,0.0,0.0
wine,0.0,0.0,0.0
winner,0.0,0.0,0.0
wipe,0.0,0.0,0.0
wire,0.0,0.0,0.0
wiredo,0.0,0.0,0.0
wireless,0.0,0.0,0.0
wise,0.0,0.0,0.0
wiser,0.0,0.0,0.0
wish,0.0,0.0,0.0
wit,0.0,0.0,0.0
withdunlop,0.0,0.0,0.0
withstand,0.0,0.0,0.0
withstood,0.0,0.0,0.0
withthem,0.0,0.0,0.0
wobbl,0.0,0.0,0.0
won,0.0,0.0,0.0
wonder,0.0,0.0,0.0
wonderfu,0.0,0.0,0.0
wonderful,0.0,0.0,0.0
wont,0.0,0.0,0.0
wood,0.0,0.0,0.0
wooden,0.0,0.0,0.0
woodstock,0.0,0.0,0.0
wool,0.0,0.0,0.0
wooli,0.0,0.0,0.0
word,0.0,0.0,0.0
wore,0.0,0.0,0.0
work,0.0,0.0,0.0
workabl,0.0,0.0,0.0
workg,0.0,0.0,0.0
workhors,0.0,0.0,0.0
workmanship,0.0,0.0,0.0
workshop,0.0,0.0,0.0
worn,0.0,0.0,0.0
worri,0.0,0.0,0.0
wors,0.0,0.0,0.0
worship,0.0,0.0,0.0
worst,0.0,0.0,0.0
worth,0.0,0.0,0.0
worthi,0.0,0.0,0.0
worthless,0.0,0.0,0.0
worthwhil,0.0,0.0,0.0
worx,0.0,0.0,0.0
woth,0.0,0.0,0.0
woul,0.0,0.0,0.0
wouldnt,0.0,0.0,0.0
wound,0.0,0.0,0.0
woven,0.0,0.0,0.0
wow,0.0,0.0,0.0
wrap,0.0,0.0,0.0
wrench,0.0,0.0,0.0
wring,0.0,0.0,0.0
write,0.0,0.0,0.0
written,0.0,0.0,0.0
wrong,0.0,0.0,0.0
wrote,0.0,0.0,0.0
ws,0.0,0.0,0.0
wtk,0.0,0.0,0.0
wuhan,0.0,0.0,0.0
www,0.0,0.0,0.0
xcg,0.0,0.0,0.0
xd,0.0,0.0,0.0
xds,0.0,0.0,0.0
xenyx,0.0,0.0,0.0
xlr,0.0,0.0,0.0
xp,0.0,0.0,0.0
xtime,0.0,0.0,0.0
ya,0.0,0.0,0.0
yamaha,0.0,0.0,0.0
yank,0.0,0.0,0.0
yea,0.0,0.0,0.0
yeah,0.0,0.0,0.0
yell,0.0,0.0,0.0
yellow,0.0,0.0,0.0
yep,0.0,0.0,0.0
yes,0.0,0.0,0.0
yet,0.0,0.0,0.0
yield,0.0,0.0,0.0
yike,0.0,0.0,0.0
yo,0.0,0.0,0.0
yogurt,0.0,0.0,0.0
yoke,0.0,0.0,0.0
young,0.0,0.0,0.0
younger,0.0,0.0,0.0
your,0.0,0.0,0.0
yourself,0.0,0.0,0.0
youtub,0.0,0.0,0.0
yr,0.0,0.0,0.0
yucki,0.0,0.0,0.0
zad,0.0,0.0,0.0
zap,0.0,0.0,0.0
zero,0.0,0.0,0.0
zildjian,0.0,0.0,0.0
zip,0.0,0.0,0.0
zipper,0.0,0.0,0.0
zoom,0.0,0.0,0.0
